event_id,seat_code,category,category_name,row_label,seat_number,section,price_idr,color_hex,pos_x,pos_y
1,SC1-01,SCVIP,"Soundcheck VIP Package (Reserved)",SC1,1,"Soundcheck VIP Block — Lower Front",4500000,#A855F7,18,0
1,SC1-02,SCVIP,"Soundcheck VIP Package (Reserved)",SC1,2,"Soundcheck VIP Block — Lower Front",4500000,#A855F7,36,0
1,SC1-03,SCVIP,"Soundcheck VIP Package (Reserved)",SC1,3,"Soundcheck VIP Block — Lower Front",4500000,#A855F7,54,0
1,SC1-04,SCVIP,"Soundcheck VIP Package (Reserved)",SC1,4,"Soundcheck VIP Block — Lower Front",4500000,#A855F7,72,0
1,SC1-05,SCVIP,"Soundcheck VIP Package (Reserved)",SC1,5,"Soundcheck VIP Block — Lower Front",4500000,#A855F7,90,0
1,SC1-06,SCVIP,"Soundcheck VIP Package (Reserved)",SC1,6,"Soundcheck VIP Block — Lower Front",4500000,#A855F7,108,0
1,SC1-07,SCVIP,"Soundcheck VIP Package (Reserved)",SC1,7,"Soundcheck VIP Block — Lower Front",4500000,#A855F7,126,0
1,SC1-08,SCVIP,"Soundcheck VIP Package (Reserved)",SC1,8,"Soundcheck VIP Block — Lower Front",4500000,#A855F7,144,0
1,SC1-09,SCVIP,"Soundcheck VIP Package (Reserved)",SC1,9,"Soundcheck VIP Block — Lower Front",4500000,#A855F7,162,0
1,SC1-10,SCVIP,"Soundcheck VIP Package (Reserved)",SC1,10,"Soundcheck VIP Block — Lower Front",4500000,#A855F7,180,0
1,SC2-01,SCVIP,"Soundcheck VIP Package (Reserved)",SC2,1,"Soundcheck VIP Block — Lower Front",4500000,#A855F7,18,28
1,SC2-02,SCVIP,"Soundcheck VIP Package (Reserved)",SC2,2,"Soundcheck VIP Block — Lower Front",4500000,#A855F7,36,28
1,SC2-03,SCVIP,"Soundcheck VIP Package (Reserved)",SC2,3,"Soundcheck VIP Block — Lower Front",4500000,#A855F7,54,28
1,SC2-04,SCVIP,"Soundcheck VIP Package (Reserved)",SC2,4,"Soundcheck VIP Block — Lower Front",4500000,#A855F7,72,28
1,SC2-05,SCVIP,"Soundcheck VIP Package (Reserved)",SC2,5,"Soundcheck VIP Block — Lower Front",4500000,#A855F7,90,28
1,SC2-06,SCVIP,"Soundcheck VIP Package (Reserved)",SC2,6,"Soundcheck VIP Block — Lower Front",4500000,#A855F7,108,28
1,SC2-07,SCVIP,"Soundcheck VIP Package (Reserved)",SC2,7,"Soundcheck VIP Block — Lower Front",4500000,#A855F7,126,28
1,SC2-08,SCVIP,"Soundcheck VIP Package (Reserved)",SC2,8,"Soundcheck VIP Block — Lower Front",4500000,#A855F7,144,28
1,SC2-09,SCVIP,"Soundcheck VIP Package (Reserved)",SC2,9,"Soundcheck VIP Block — Lower Front",4500000,#A855F7,162,28
1,SC2-10,SCVIP,"Soundcheck VIP Package (Reserved)",SC2,10,"Soundcheck VIP Block — Lower Front",4500000,#A855F7,180,28
1,SC3-01,SCVIP,"Soundcheck VIP Package (Reserved)",SC3,1,"Soundcheck VIP Block — Lower Front",4500000,#A855F7,18,56
1,SC3-02,SCVIP,"Soundcheck VIP Package (Reserved)",SC3,2,"Soundcheck VIP Block — Lower Front",4500000,#A855F7,36,56
1,SC3-03,SCVIP,"Soundcheck VIP Package (Reserved)",SC3,3,"Soundcheck VIP Block — Lower Front",4500000,#A855F7,54,56
1,SC3-04,SCVIP,"Soundcheck VIP Package (Reserved)",SC3,4,"Soundcheck VIP Block — Lower Front",4500000,#A855F7,72,56
1,SC3-05,SCVIP,"Soundcheck VIP Package (Reserved)",SC3,5,"Soundcheck VIP Block — Lower Front",4500000,#A855F7,90,56
1,SC3-06,SCVIP,"Soundcheck VIP Package (Reserved)",SC3,6,"Soundcheck VIP Block — Lower Front",4500000,#A855F7,108,56
1,SC3-07,SCVIP,"Soundcheck VIP Package (Reserved)",SC3,7,"Soundcheck VIP Block — Lower Front",4500000,#A855F7,126,56
1,SC3-08,SCVIP,"Soundcheck VIP Package (Reserved)",SC3,8,"Soundcheck VIP Block — Lower Front",4500000,#A855F7,144,56
1,SC3-09,SCVIP,"Soundcheck VIP Package (Reserved)",SC3,9,"Soundcheck VIP Block — Lower Front",4500000,#A855F7,162,56
1,SC3-10,SCVIP,"Soundcheck VIP Package (Reserved)",SC3,10,"Soundcheck VIP Block — Lower Front",4500000,#A855F7,180,56
1,SC4-01,SCVIP,"Soundcheck VIP Package (Reserved)",SC4,1,"Soundcheck VIP Block — Lower Front",4500000,#A855F7,18,84
1,SC4-02,SCVIP,"Soundcheck VIP Package (Reserved)",SC4,2,"Soundcheck VIP Block — Lower Front",4500000,#A855F7,36,84
1,SC4-03,SCVIP,"Soundcheck VIP Package (Reserved)",SC4,3,"Soundcheck VIP Block — Lower Front",4500000,#A855F7,54,84
1,SC4-04,SCVIP,"Soundcheck VIP Package (Reserved)",SC4,4,"Soundcheck VIP Block — Lower Front",4500000,#A855F7,72,84
1,SC4-05,SCVIP,"Soundcheck VIP Package (Reserved)",SC4,5,"Soundcheck VIP Block — Lower Front",4500000,#A855F7,90,84
1,SC4-06,SCVIP,"Soundcheck VIP Package (Reserved)",SC4,6,"Soundcheck VIP Block — Lower Front",4500000,#A855F7,108,84
1,SC4-07,SCVIP,"Soundcheck VIP Package (Reserved)",SC4,7,"Soundcheck VIP Block — Lower Front",4500000,#A855F7,126,84
1,SC4-08,SCVIP,"Soundcheck VIP Package (Reserved)",SC4,8,"Soundcheck VIP Block — Lower Front",4500000,#A855F7,144,84
1,SC4-09,SCVIP,"Soundcheck VIP Package (Reserved)",SC4,9,"Soundcheck VIP Block — Lower Front",4500000,#A855F7,162,84
1,SC4-10,SCVIP,"Soundcheck VIP Package (Reserved)",SC4,10,"Soundcheck VIP Block — Lower Front",4500000,#A855F7,180,84
1,P1-001,FLOOR,"Purple Floor Standing (P1–P2)",P1,1,"Purple Floor Standing",3200000,#7C3AED,20,0
1,P1-002,FLOOR,"Purple Floor Standing (P1–P2)",P1,2,"Purple Floor Standing",3200000,#7C3AED,40,0
1,P1-003,FLOOR,"Purple Floor Standing (P1–P2)",P1,3,"Purple Floor Standing",3200000,#7C3AED,60,0
1,P1-004,FLOOR,"Purple Floor Standing (P1–P2)",P1,4,"Purple Floor Standing",3200000,#7C3AED,80,0
1,P1-005,FLOOR,"Purple Floor Standing (P1–P2)",P1,5,"Purple Floor Standing",3200000,#7C3AED,100,0
1,P1-006,FLOOR,"Purple Floor Standing (P1–P2)",P1,6,"Purple Floor Standing",3200000,#7C3AED,120,0
1,P1-007,FLOOR,"Purple Floor Standing (P1–P2)",P1,7,"Purple Floor Standing",3200000,#7C3AED,140,0
1,P1-008,FLOOR,"Purple Floor Standing (P1–P2)",P1,8,"Purple Floor Standing",3200000,#7C3AED,160,0
1,P1-009,FLOOR,"Purple Floor Standing (P1–P2)",P1,9,"Purple Floor Standing",3200000,#7C3AED,180,0
1,P1-010,FLOOR,"Purple Floor Standing (P1–P2)",P1,10,"Purple Floor Standing",3200000,#7C3AED,200,0
1,P1-011,FLOOR,"Purple Floor Standing (P1–P2)",P1,11,"Purple Floor Standing",3200000,#7C3AED,220,0
1,P1-012,FLOOR,"Purple Floor Standing (P1–P2)",P1,12,"Purple Floor Standing",3200000,#7C3AED,240,0
1,P1-013,FLOOR,"Purple Floor Standing (P1–P2)",P1,13,"Purple Floor Standing",3200000,#7C3AED,260,0
1,P1-014,FLOOR,"Purple Floor Standing (P1–P2)",P1,14,"Purple Floor Standing",3200000,#7C3AED,280,0
1,P1-015,FLOOR,"Purple Floor Standing (P1–P2)",P1,15,"Purple Floor Standing",3200000,#7C3AED,300,0
1,P1-016,FLOOR,"Purple Floor Standing (P1–P2)",P1,16,"Purple Floor Standing",3200000,#7C3AED,320,0
1,P1-017,FLOOR,"Purple Floor Standing (P1–P2)",P1,17,"Purple Floor Standing",3200000,#7C3AED,340,0
1,P1-018,FLOOR,"Purple Floor Standing (P1–P2)",P1,18,"Purple Floor Standing",3200000,#7C3AED,360,0
1,P1-019,FLOOR,"Purple Floor Standing (P1–P2)",P1,19,"Purple Floor Standing",3200000,#7C3AED,380,0
1,P1-020,FLOOR,"Purple Floor Standing (P1–P2)",P1,20,"Purple Floor Standing",3200000,#7C3AED,0,0
1,P1-021,FLOOR,"Purple Floor Standing (P1–P2)",P1,21,"Purple Floor Standing",3200000,#7C3AED,20,22
1,P1-022,FLOOR,"Purple Floor Standing (P1–P2)",P1,22,"Purple Floor Standing",3200000,#7C3AED,40,22
1,P1-023,FLOOR,"Purple Floor Standing (P1–P2)",P1,23,"Purple Floor Standing",3200000,#7C3AED,60,22
1,P1-024,FLOOR,"Purple Floor Standing (P1–P2)",P1,24,"Purple Floor Standing",3200000,#7C3AED,80,22
1,P1-025,FLOOR,"Purple Floor Standing (P1–P2)",P1,25,"Purple Floor Standing",3200000,#7C3AED,100,22
1,P1-026,FLOOR,"Purple Floor Standing (P1–P2)",P1,26,"Purple Floor Standing",3200000,#7C3AED,120,22
1,P1-027,FLOOR,"Purple Floor Standing (P1–P2)",P1,27,"Purple Floor Standing",3200000,#7C3AED,140,22
1,P1-028,FLOOR,"Purple Floor Standing (P1–P2)",P1,28,"Purple Floor Standing",3200000,#7C3AED,160,22
1,P1-029,FLOOR,"Purple Floor Standing (P1–P2)",P1,29,"Purple Floor Standing",3200000,#7C3AED,180,22
1,P1-030,FLOOR,"Purple Floor Standing (P1–P2)",P1,30,"Purple Floor Standing",3200000,#7C3AED,200,22
1,P1-031,FLOOR,"Purple Floor Standing (P1–P2)",P1,31,"Purple Floor Standing",3200000,#7C3AED,220,22
1,P1-032,FLOOR,"Purple Floor Standing (P1–P2)",P1,32,"Purple Floor Standing",3200000,#7C3AED,240,22
1,P1-033,FLOOR,"Purple Floor Standing (P1–P2)",P1,33,"Purple Floor Standing",3200000,#7C3AED,260,22
1,P1-034,FLOOR,"Purple Floor Standing (P1–P2)",P1,34,"Purple Floor Standing",3200000,#7C3AED,280,22
1,P1-035,FLOOR,"Purple Floor Standing (P1–P2)",P1,35,"Purple Floor Standing",3200000,#7C3AED,300,22
1,P1-036,FLOOR,"Purple Floor Standing (P1–P2)",P1,36,"Purple Floor Standing",3200000,#7C3AED,320,22
1,P1-037,FLOOR,"Purple Floor Standing (P1–P2)",P1,37,"Purple Floor Standing",3200000,#7C3AED,340,22
1,P1-038,FLOOR,"Purple Floor Standing (P1–P2)",P1,38,"Purple Floor Standing",3200000,#7C3AED,360,22
1,P1-039,FLOOR,"Purple Floor Standing (P1–P2)",P1,39,"Purple Floor Standing",3200000,#7C3AED,380,22
1,P1-040,FLOOR,"Purple Floor Standing (P1–P2)",P1,40,"Purple Floor Standing",3200000,#7C3AED,0,22
1,P1-041,FLOOR,"Purple Floor Standing (P1–P2)",P1,41,"Purple Floor Standing",3200000,#7C3AED,20,44
1,P1-042,FLOOR,"Purple Floor Standing (P1–P2)",P1,42,"Purple Floor Standing",3200000,#7C3AED,40,44
1,P1-043,FLOOR,"Purple Floor Standing (P1–P2)",P1,43,"Purple Floor Standing",3200000,#7C3AED,60,44
1,P1-044,FLOOR,"Purple Floor Standing (P1–P2)",P1,44,"Purple Floor Standing",3200000,#7C3AED,80,44
1,P1-045,FLOOR,"Purple Floor Standing (P1–P2)",P1,45,"Purple Floor Standing",3200000,#7C3AED,100,44
1,P1-046,FLOOR,"Purple Floor Standing (P1–P2)",P1,46,"Purple Floor Standing",3200000,#7C3AED,120,44
1,P1-047,FLOOR,"Purple Floor Standing (P1–P2)",P1,47,"Purple Floor Standing",3200000,#7C3AED,140,44
1,P1-048,FLOOR,"Purple Floor Standing (P1–P2)",P1,48,"Purple Floor Standing",3200000,#7C3AED,160,44
1,P1-049,FLOOR,"Purple Floor Standing (P1–P2)",P1,49,"Purple Floor Standing",3200000,#7C3AED,180,44
1,P1-050,FLOOR,"Purple Floor Standing (P1–P2)",P1,50,"Purple Floor Standing",3200000,#7C3AED,200,44
1,P1-051,FLOOR,"Purple Floor Standing (P1–P2)",P1,51,"Purple Floor Standing",3200000,#7C3AED,220,44
1,P1-052,FLOOR,"Purple Floor Standing (P1–P2)",P1,52,"Purple Floor Standing",3200000,#7C3AED,240,44
1,P1-053,FLOOR,"Purple Floor Standing (P1–P2)",P1,53,"Purple Floor Standing",3200000,#7C3AED,260,44
1,P1-054,FLOOR,"Purple Floor Standing (P1–P2)",P1,54,"Purple Floor Standing",3200000,#7C3AED,280,44
1,P1-055,FLOOR,"Purple Floor Standing (P1–P2)",P1,55,"Purple Floor Standing",3200000,#7C3AED,300,44
1,P1-056,FLOOR,"Purple Floor Standing (P1–P2)",P1,56,"Purple Floor Standing",3200000,#7C3AED,320,44
1,P1-057,FLOOR,"Purple Floor Standing (P1–P2)",P1,57,"Purple Floor Standing",3200000,#7C3AED,340,44
1,P1-058,FLOOR,"Purple Floor Standing (P1–P2)",P1,58,"Purple Floor Standing",3200000,#7C3AED,360,44
1,P1-059,FLOOR,"Purple Floor Standing (P1–P2)",P1,59,"Purple Floor Standing",3200000,#7C3AED,380,44
1,P1-060,FLOOR,"Purple Floor Standing (P1–P2)",P1,60,"Purple Floor Standing",3200000,#7C3AED,0,44
1,P1-061,FLOOR,"Purple Floor Standing (P1–P2)",P1,61,"Purple Floor Standing",3200000,#7C3AED,20,66
1,P1-062,FLOOR,"Purple Floor Standing (P1–P2)",P1,62,"Purple Floor Standing",3200000,#7C3AED,40,66
1,P1-063,FLOOR,"Purple Floor Standing (P1–P2)",P1,63,"Purple Floor Standing",3200000,#7C3AED,60,66
1,P1-064,FLOOR,"Purple Floor Standing (P1–P2)",P1,64,"Purple Floor Standing",3200000,#7C3AED,80,66
1,P1-065,FLOOR,"Purple Floor Standing (P1–P2)",P1,65,"Purple Floor Standing",3200000,#7C3AED,100,66
1,P1-066,FLOOR,"Purple Floor Standing (P1–P2)",P1,66,"Purple Floor Standing",3200000,#7C3AED,120,66
1,P1-067,FLOOR,"Purple Floor Standing (P1–P2)",P1,67,"Purple Floor Standing",3200000,#7C3AED,140,66
1,P1-068,FLOOR,"Purple Floor Standing (P1–P2)",P1,68,"Purple Floor Standing",3200000,#7C3AED,160,66
1,P1-069,FLOOR,"Purple Floor Standing (P1–P2)",P1,69,"Purple Floor Standing",3200000,#7C3AED,180,66
1,P1-070,FLOOR,"Purple Floor Standing (P1–P2)",P1,70,"Purple Floor Standing",3200000,#7C3AED,200,66
1,P1-071,FLOOR,"Purple Floor Standing (P1–P2)",P1,71,"Purple Floor Standing",3200000,#7C3AED,220,66
1,P1-072,FLOOR,"Purple Floor Standing (P1–P2)",P1,72,"Purple Floor Standing",3200000,#7C3AED,240,66
1,P1-073,FLOOR,"Purple Floor Standing (P1–P2)",P1,73,"Purple Floor Standing",3200000,#7C3AED,260,66
1,P1-074,FLOOR,"Purple Floor Standing (P1–P2)",P1,74,"Purple Floor Standing",3200000,#7C3AED,280,66
1,P1-075,FLOOR,"Purple Floor Standing (P1–P2)",P1,75,"Purple Floor Standing",3200000,#7C3AED,300,66
1,P1-076,FLOOR,"Purple Floor Standing (P1–P2)",P1,76,"Purple Floor Standing",3200000,#7C3AED,320,66
1,P1-077,FLOOR,"Purple Floor Standing (P1–P2)",P1,77,"Purple Floor Standing",3200000,#7C3AED,340,66
1,P1-078,FLOOR,"Purple Floor Standing (P1–P2)",P1,78,"Purple Floor Standing",3200000,#7C3AED,360,66
1,P1-079,FLOOR,"Purple Floor Standing (P1–P2)",P1,79,"Purple Floor Standing",3200000,#7C3AED,380,66
1,P1-080,FLOOR,"Purple Floor Standing (P1–P2)",P1,80,"Purple Floor Standing",3200000,#7C3AED,0,66
1,P2-081,FLOOR,"Purple Floor Standing (P1–P2)",P2,81,"Purple Floor Standing",3200000,#7C3AED,20,88
1,P2-082,FLOOR,"Purple Floor Standing (P1–P2)",P2,82,"Purple Floor Standing",3200000,#7C3AED,40,88
1,P2-083,FLOOR,"Purple Floor Standing (P1–P2)",P2,83,"Purple Floor Standing",3200000,#7C3AED,60,88
1,P2-084,FLOOR,"Purple Floor Standing (P1–P2)",P2,84,"Purple Floor Standing",3200000,#7C3AED,80,88
1,P2-085,FLOOR,"Purple Floor Standing (P1–P2)",P2,85,"Purple Floor Standing",3200000,#7C3AED,100,88
1,P2-086,FLOOR,"Purple Floor Standing (P1–P2)",P2,86,"Purple Floor Standing",3200000,#7C3AED,120,88
1,P2-087,FLOOR,"Purple Floor Standing (P1–P2)",P2,87,"Purple Floor Standing",3200000,#7C3AED,140,88
1,P2-088,FLOOR,"Purple Floor Standing (P1–P2)",P2,88,"Purple Floor Standing",3200000,#7C3AED,160,88
1,P2-089,FLOOR,"Purple Floor Standing (P1–P2)",P2,89,"Purple Floor Standing",3200000,#7C3AED,180,88
1,P2-090,FLOOR,"Purple Floor Standing (P1–P2)",P2,90,"Purple Floor Standing",3200000,#7C3AED,200,88
1,P2-091,FLOOR,"Purple Floor Standing (P1–P2)",P2,91,"Purple Floor Standing",3200000,#7C3AED,220,88
1,P2-092,FLOOR,"Purple Floor Standing (P1–P2)",P2,92,"Purple Floor Standing",3200000,#7C3AED,240,88
1,P2-093,FLOOR,"Purple Floor Standing (P1–P2)",P2,93,"Purple Floor Standing",3200000,#7C3AED,260,88
1,P2-094,FLOOR,"Purple Floor Standing (P1–P2)",P2,94,"Purple Floor Standing",3200000,#7C3AED,280,88
1,P2-095,FLOOR,"Purple Floor Standing (P1–P2)",P2,95,"Purple Floor Standing",3200000,#7C3AED,300,88
1,P2-096,FLOOR,"Purple Floor Standing (P1–P2)",P2,96,"Purple Floor Standing",3200000,#7C3AED,320,88
1,P2-097,FLOOR,"Purple Floor Standing (P1–P2)",P2,97,"Purple Floor Standing",3200000,#7C3AED,340,88
1,P2-098,FLOOR,"Purple Floor Standing (P1–P2)",P2,98,"Purple Floor Standing",3200000,#7C3AED,360,88
1,P2-099,FLOOR,"Purple Floor Standing (P1–P2)",P2,99,"Purple Floor Standing",3200000,#7C3AED,380,88
1,P2-100,FLOOR,"Purple Floor Standing (P1–P2)",P2,100,"Purple Floor Standing",3200000,#7C3AED,0,88
1,P2-101,FLOOR,"Purple Floor Standing (P1–P2)",P2,101,"Purple Floor Standing",3200000,#7C3AED,20,110
1,P2-102,FLOOR,"Purple Floor Standing (P1–P2)",P2,102,"Purple Floor Standing",3200000,#7C3AED,40,110
1,P2-103,FLOOR,"Purple Floor Standing (P1–P2)",P2,103,"Purple Floor Standing",3200000,#7C3AED,60,110
1,P2-104,FLOOR,"Purple Floor Standing (P1–P2)",P2,104,"Purple Floor Standing",3200000,#7C3AED,80,110
1,P2-105,FLOOR,"Purple Floor Standing (P1–P2)",P2,105,"Purple Floor Standing",3200000,#7C3AED,100,110
1,P2-106,FLOOR,"Purple Floor Standing (P1–P2)",P2,106,"Purple Floor Standing",3200000,#7C3AED,120,110
1,P2-107,FLOOR,"Purple Floor Standing (P1–P2)",P2,107,"Purple Floor Standing",3200000,#7C3AED,140,110
1,P2-108,FLOOR,"Purple Floor Standing (P1–P2)",P2,108,"Purple Floor Standing",3200000,#7C3AED,160,110
1,P2-109,FLOOR,"Purple Floor Standing (P1–P2)",P2,109,"Purple Floor Standing",3200000,#7C3AED,180,110
1,P2-110,FLOOR,"Purple Floor Standing (P1–P2)",P2,110,"Purple Floor Standing",3200000,#7C3AED,200,110
1,P2-111,FLOOR,"Purple Floor Standing (P1–P2)",P2,111,"Purple Floor Standing",3200000,#7C3AED,220,110
1,P2-112,FLOOR,"Purple Floor Standing (P1–P2)",P2,112,"Purple Floor Standing",3200000,#7C3AED,240,110
1,P2-113,FLOOR,"Purple Floor Standing (P1–P2)",P2,113,"Purple Floor Standing",3200000,#7C3AED,260,110
1,P2-114,FLOOR,"Purple Floor Standing (P1–P2)",P2,114,"Purple Floor Standing",3200000,#7C3AED,280,110
1,P2-115,FLOOR,"Purple Floor Standing (P1–P2)",P2,115,"Purple Floor Standing",3200000,#7C3AED,300,110
1,P2-116,FLOOR,"Purple Floor Standing (P1–P2)",P2,116,"Purple Floor Standing",3200000,#7C3AED,320,110
1,P2-117,FLOOR,"Purple Floor Standing (P1–P2)",P2,117,"Purple Floor Standing",3200000,#7C3AED,340,110
1,P2-118,FLOOR,"Purple Floor Standing (P1–P2)",P2,118,"Purple Floor Standing",3200000,#7C3AED,360,110
1,P2-119,FLOOR,"Purple Floor Standing (P1–P2)",P2,119,"Purple Floor Standing",3200000,#7C3AED,380,110
1,P2-120,FLOOR,"Purple Floor Standing (P1–P2)",P2,120,"Purple Floor Standing",3200000,#7C3AED,0,110
1,P2-121,FLOOR,"Purple Floor Standing (P1–P2)",P2,121,"Purple Floor Standing",3200000,#7C3AED,20,132
1,P2-122,FLOOR,"Purple Floor Standing (P1–P2)",P2,122,"Purple Floor Standing",3200000,#7C3AED,40,132
1,P2-123,FLOOR,"Purple Floor Standing (P1–P2)",P2,123,"Purple Floor Standing",3200000,#7C3AED,60,132
1,P2-124,FLOOR,"Purple Floor Standing (P1–P2)",P2,124,"Purple Floor Standing",3200000,#7C3AED,80,132
1,P2-125,FLOOR,"Purple Floor Standing (P1–P2)",P2,125,"Purple Floor Standing",3200000,#7C3AED,100,132
1,P2-126,FLOOR,"Purple Floor Standing (P1–P2)",P2,126,"Purple Floor Standing",3200000,#7C3AED,120,132
1,P2-127,FLOOR,"Purple Floor Standing (P1–P2)",P2,127,"Purple Floor Standing",3200000,#7C3AED,140,132
1,P2-128,FLOOR,"Purple Floor Standing (P1–P2)",P2,128,"Purple Floor Standing",3200000,#7C3AED,160,132
1,P2-129,FLOOR,"Purple Floor Standing (P1–P2)",P2,129,"Purple Floor Standing",3200000,#7C3AED,180,132
1,P2-130,FLOOR,"Purple Floor Standing (P1–P2)",P2,130,"Purple Floor Standing",3200000,#7C3AED,200,132
1,P2-131,FLOOR,"Purple Floor Standing (P1–P2)",P2,131,"Purple Floor Standing",3200000,#7C3AED,220,132
1,P2-132,FLOOR,"Purple Floor Standing (P1–P2)",P2,132,"Purple Floor Standing",3200000,#7C3AED,240,132
1,P2-133,FLOOR,"Purple Floor Standing (P1–P2)",P2,133,"Purple Floor Standing",3200000,#7C3AED,260,132
1,P2-134,FLOOR,"Purple Floor Standing (P1–P2)",P2,134,"Purple Floor Standing",3200000,#7C3AED,280,132
1,P2-135,FLOOR,"Purple Floor Standing (P1–P2)",P2,135,"Purple Floor Standing",3200000,#7C3AED,300,132
1,P2-136,FLOOR,"Purple Floor Standing (P1–P2)",P2,136,"Purple Floor Standing",3200000,#7C3AED,320,132
1,P2-137,FLOOR,"Purple Floor Standing (P1–P2)",P2,137,"Purple Floor Standing",3200000,#7C3AED,340,132
1,P2-138,FLOOR,"Purple Floor Standing (P1–P2)",P2,138,"Purple Floor Standing",3200000,#7C3AED,360,132
1,P2-139,FLOOR,"Purple Floor Standing (P1–P2)",P2,139,"Purple Floor Standing",3200000,#7C3AED,380,132
1,P2-140,FLOOR,"Purple Floor Standing (P1–P2)",P2,140,"Purple Floor Standing",3200000,#7C3AED,0,132
1,P2-141,FLOOR,"Purple Floor Standing (P1–P2)",P2,141,"Purple Floor Standing",3200000,#7C3AED,20,154
1,P2-142,FLOOR,"Purple Floor Standing (P1–P2)",P2,142,"Purple Floor Standing",3200000,#7C3AED,40,154
1,P2-143,FLOOR,"Purple Floor Standing (P1–P2)",P2,143,"Purple Floor Standing",3200000,#7C3AED,60,154
1,P2-144,FLOOR,"Purple Floor Standing (P1–P2)",P2,144,"Purple Floor Standing",3200000,#7C3AED,80,154
1,P2-145,FLOOR,"Purple Floor Standing (P1–P2)",P2,145,"Purple Floor Standing",3200000,#7C3AED,100,154
1,P2-146,FLOOR,"Purple Floor Standing (P1–P2)",P2,146,"Purple Floor Standing",3200000,#7C3AED,120,154
1,P2-147,FLOOR,"Purple Floor Standing (P1–P2)",P2,147,"Purple Floor Standing",3200000,#7C3AED,140,154
1,P2-148,FLOOR,"Purple Floor Standing (P1–P2)",P2,148,"Purple Floor Standing",3200000,#7C3AED,160,154
1,P2-149,FLOOR,"Purple Floor Standing (P1–P2)",P2,149,"Purple Floor Standing",3200000,#7C3AED,180,154
1,P2-150,FLOOR,"Purple Floor Standing (P1–P2)",P2,150,"Purple Floor Standing",3200000,#7C3AED,200,154
1,P2-151,FLOOR,"Purple Floor Standing (P1–P2)",P2,151,"Purple Floor Standing",3200000,#7C3AED,220,154
1,P2-152,FLOOR,"Purple Floor Standing (P1–P2)",P2,152,"Purple Floor Standing",3200000,#7C3AED,240,154
1,P2-153,FLOOR,"Purple Floor Standing (P1–P2)",P2,153,"Purple Floor Standing",3200000,#7C3AED,260,154
1,P2-154,FLOOR,"Purple Floor Standing (P1–P2)",P2,154,"Purple Floor Standing",3200000,#7C3AED,280,154
1,P2-155,FLOOR,"Purple Floor Standing (P1–P2)",P2,155,"Purple Floor Standing",3200000,#7C3AED,300,154
1,P2-156,FLOOR,"Purple Floor Standing (P1–P2)",P2,156,"Purple Floor Standing",3200000,#7C3AED,320,154
1,P2-157,FLOOR,"Purple Floor Standing (P1–P2)",P2,157,"Purple Floor Standing",3200000,#7C3AED,340,154
1,P2-158,FLOOR,"Purple Floor Standing (P1–P2)",P2,158,"Purple Floor Standing",3200000,#7C3AED,360,154
1,P2-159,FLOOR,"Purple Floor Standing (P1–P2)",P2,159,"Purple Floor Standing",3200000,#7C3AED,380,154
1,P2-160,FLOOR,"Purple Floor Standing (P1–P2)",P2,160,"Purple Floor Standing",3200000,#7C3AED,0,154
1,O1-01,ORANGE,"Orange Seat — Lower Bowl",O1,1,"Orange Lower Bowl",2500000,#F97316,18,0
1,O1-02,ORANGE,"Orange Seat — Lower Bowl",O1,2,"Orange Lower Bowl",2500000,#F97316,36,0
1,O1-03,ORANGE,"Orange Seat — Lower Bowl",O1,3,"Orange Lower Bowl",2500000,#F97316,54,0
1,O1-04,ORANGE,"Orange Seat — Lower Bowl",O1,4,"Orange Lower Bowl",2500000,#F97316,72,0
1,O1-05,ORANGE,"Orange Seat — Lower Bowl",O1,5,"Orange Lower Bowl",2500000,#F97316,90,0
1,O1-06,ORANGE,"Orange Seat — Lower Bowl",O1,6,"Orange Lower Bowl",2500000,#F97316,108,0
1,O1-07,ORANGE,"Orange Seat — Lower Bowl",O1,7,"Orange Lower Bowl",2500000,#F97316,126,0
1,O1-08,ORANGE,"Orange Seat — Lower Bowl",O1,8,"Orange Lower Bowl",2500000,#F97316,144,0
1,O1-09,ORANGE,"Orange Seat — Lower Bowl",O1,9,"Orange Lower Bowl",2500000,#F97316,162,0
1,O1-10,ORANGE,"Orange Seat — Lower Bowl",O1,10,"Orange Lower Bowl",2500000,#F97316,180,0
1,O1-11,ORANGE,"Orange Seat — Lower Bowl",O1,11,"Orange Lower Bowl",2500000,#F97316,198,0
1,O1-12,ORANGE,"Orange Seat — Lower Bowl",O1,12,"Orange Lower Bowl",2500000,#F97316,216,0
1,O1-13,ORANGE,"Orange Seat — Lower Bowl",O1,13,"Orange Lower Bowl",2500000,#F97316,234,0
1,O1-14,ORANGE,"Orange Seat — Lower Bowl",O1,14,"Orange Lower Bowl",2500000,#F97316,252,0
1,O1-15,ORANGE,"Orange Seat — Lower Bowl",O1,15,"Orange Lower Bowl",2500000,#F97316,270,0
1,O1-16,ORANGE,"Orange Seat — Lower Bowl",O1,16,"Orange Lower Bowl",2500000,#F97316,288,0
1,O1-17,ORANGE,"Orange Seat — Lower Bowl",O1,17,"Orange Lower Bowl",2500000,#F97316,306,0
1,O1-18,ORANGE,"Orange Seat — Lower Bowl",O1,18,"Orange Lower Bowl",2500000,#F97316,324,0
1,O1-19,ORANGE,"Orange Seat — Lower Bowl",O1,19,"Orange Lower Bowl",2500000,#F97316,342,0
1,O1-20,ORANGE,"Orange Seat — Lower Bowl",O1,20,"Orange Lower Bowl",2500000,#F97316,360,0
1,O2-01,ORANGE,"Orange Seat — Lower Bowl",O2,1,"Orange Lower Bowl",2500000,#F97316,18,28
1,O2-02,ORANGE,"Orange Seat — Lower Bowl",O2,2,"Orange Lower Bowl",2500000,#F97316,36,28
1,O2-03,ORANGE,"Orange Seat — Lower Bowl",O2,3,"Orange Lower Bowl",2500000,#F97316,54,28
1,O2-04,ORANGE,"Orange Seat — Lower Bowl",O2,4,"Orange Lower Bowl",2500000,#F97316,72,28
1,O2-05,ORANGE,"Orange Seat — Lower Bowl",O2,5,"Orange Lower Bowl",2500000,#F97316,90,28
1,O2-06,ORANGE,"Orange Seat — Lower Bowl",O2,6,"Orange Lower Bowl",2500000,#F97316,108,28
1,O2-07,ORANGE,"Orange Seat — Lower Bowl",O2,7,"Orange Lower Bowl",2500000,#F97316,126,28
1,O2-08,ORANGE,"Orange Seat — Lower Bowl",O2,8,"Orange Lower Bowl",2500000,#F97316,144,28
1,O2-09,ORANGE,"Orange Seat — Lower Bowl",O2,9,"Orange Lower Bowl",2500000,#F97316,162,28
1,O2-10,ORANGE,"Orange Seat — Lower Bowl",O2,10,"Orange Lower Bowl",2500000,#F97316,180,28
1,O2-11,ORANGE,"Orange Seat — Lower Bowl",O2,11,"Orange Lower Bowl",2500000,#F97316,198,28
1,O2-12,ORANGE,"Orange Seat — Lower Bowl",O2,12,"Orange Lower Bowl",2500000,#F97316,216,28
1,O2-13,ORANGE,"Orange Seat — Lower Bowl",O2,13,"Orange Lower Bowl",2500000,#F97316,234,28
1,O2-14,ORANGE,"Orange Seat — Lower Bowl",O2,14,"Orange Lower Bowl",2500000,#F97316,252,28
1,O2-15,ORANGE,"Orange Seat — Lower Bowl",O2,15,"Orange Lower Bowl",2500000,#F97316,270,28
1,O2-16,ORANGE,"Orange Seat — Lower Bowl",O2,16,"Orange Lower Bowl",2500000,#F97316,288,28
1,O2-17,ORANGE,"Orange Seat — Lower Bowl",O2,17,"Orange Lower Bowl",2500000,#F97316,306,28
1,O2-18,ORANGE,"Orange Seat — Lower Bowl",O2,18,"Orange Lower Bowl",2500000,#F97316,324,28
1,O2-19,ORANGE,"Orange Seat — Lower Bowl",O2,19,"Orange Lower Bowl",2500000,#F97316,342,28
1,O2-20,ORANGE,"Orange Seat — Lower Bowl",O2,20,"Orange Lower Bowl",2500000,#F97316,360,28
1,O3-01,ORANGE,"Orange Seat — Lower Bowl",O3,1,"Orange Lower Bowl",2500000,#F97316,18,56
1,O3-02,ORANGE,"Orange Seat — Lower Bowl",O3,2,"Orange Lower Bowl",2500000,#F97316,36,56
1,O3-03,ORANGE,"Orange Seat — Lower Bowl",O3,3,"Orange Lower Bowl",2500000,#F97316,54,56
1,O3-04,ORANGE,"Orange Seat — Lower Bowl",O3,4,"Orange Lower Bowl",2500000,#F97316,72,56
1,O3-05,ORANGE,"Orange Seat — Lower Bowl",O3,5,"Orange Lower Bowl",2500000,#F97316,90,56
1,O3-06,ORANGE,"Orange Seat — Lower Bowl",O3,6,"Orange Lower Bowl",2500000,#F97316,108,56
1,O3-07,ORANGE,"Orange Seat — Lower Bowl",O3,7,"Orange Lower Bowl",2500000,#F97316,126,56
1,O3-08,ORANGE,"Orange Seat — Lower Bowl",O3,8,"Orange Lower Bowl",2500000,#F97316,144,56
1,O3-09,ORANGE,"Orange Seat — Lower Bowl",O3,9,"Orange Lower Bowl",2500000,#F97316,162,56
1,O3-10,ORANGE,"Orange Seat — Lower Bowl",O3,10,"Orange Lower Bowl",2500000,#F97316,180,56
1,O3-11,ORANGE,"Orange Seat — Lower Bowl",O3,11,"Orange Lower Bowl",2500000,#F97316,198,56
1,O3-12,ORANGE,"Orange Seat — Lower Bowl",O3,12,"Orange Lower Bowl",2500000,#F97316,216,56
1,O3-13,ORANGE,"Orange Seat — Lower Bowl",O3,13,"Orange Lower Bowl",2500000,#F97316,234,56
1,O3-14,ORANGE,"Orange Seat — Lower Bowl",O3,14,"Orange Lower Bowl",2500000,#F97316,252,56
1,O3-15,ORANGE,"Orange Seat — Lower Bowl",O3,15,"Orange Lower Bowl",2500000,#F97316,270,56
1,O3-16,ORANGE,"Orange Seat — Lower Bowl",O3,16,"Orange Lower Bowl",2500000,#F97316,288,56
1,O3-17,ORANGE,"Orange Seat — Lower Bowl",O3,17,"Orange Lower Bowl",2500000,#F97316,306,56
1,O3-18,ORANGE,"Orange Seat — Lower Bowl",O3,18,"Orange Lower Bowl",2500000,#F97316,324,56
1,O3-19,ORANGE,"Orange Seat — Lower Bowl",O3,19,"Orange Lower Bowl",2500000,#F97316,342,56
1,O3-20,ORANGE,"Orange Seat — Lower Bowl",O3,20,"Orange Lower Bowl",2500000,#F97316,360,56
1,O4-01,ORANGE,"Orange Seat — Lower Bowl",O4,1,"Orange Lower Bowl",2500000,#F97316,18,84
1,O4-02,ORANGE,"Orange Seat — Lower Bowl",O4,2,"Orange Lower Bowl",2500000,#F97316,36,84
1,O4-03,ORANGE,"Orange Seat — Lower Bowl",O4,3,"Orange Lower Bowl",2500000,#F97316,54,84
1,O4-04,ORANGE,"Orange Seat — Lower Bowl",O4,4,"Orange Lower Bowl",2500000,#F97316,72,84
1,O4-05,ORANGE,"Orange Seat — Lower Bowl",O4,5,"Orange Lower Bowl",2500000,#F97316,90,84
1,O4-06,ORANGE,"Orange Seat — Lower Bowl",O4,6,"Orange Lower Bowl",2500000,#F97316,108,84
1,O4-07,ORANGE,"Orange Seat — Lower Bowl",O4,7,"Orange Lower Bowl",2500000,#F97316,126,84
1,O4-08,ORANGE,"Orange Seat — Lower Bowl",O4,8,"Orange Lower Bowl",2500000,#F97316,144,84
1,O4-09,ORANGE,"Orange Seat — Lower Bowl",O4,9,"Orange Lower Bowl",2500000,#F97316,162,84
1,O4-10,ORANGE,"Orange Seat — Lower Bowl",O4,10,"Orange Lower Bowl",2500000,#F97316,180,84
1,O4-11,ORANGE,"Orange Seat — Lower Bowl",O4,11,"Orange Lower Bowl",2500000,#F97316,198,84
1,O4-12,ORANGE,"Orange Seat — Lower Bowl",O4,12,"Orange Lower Bowl",2500000,#F97316,216,84
1,O4-13,ORANGE,"Orange Seat — Lower Bowl",O4,13,"Orange Lower Bowl",2500000,#F97316,234,84
1,O4-14,ORANGE,"Orange Seat — Lower Bowl",O4,14,"Orange Lower Bowl",2500000,#F97316,252,84
1,O4-15,ORANGE,"Orange Seat — Lower Bowl",O4,15,"Orange Lower Bowl",2500000,#F97316,270,84
1,O4-16,ORANGE,"Orange Seat — Lower Bowl",O4,16,"Orange Lower Bowl",2500000,#F97316,288,84
1,O4-17,ORANGE,"Orange Seat — Lower Bowl",O4,17,"Orange Lower Bowl",2500000,#F97316,306,84
1,O4-18,ORANGE,"Orange Seat — Lower Bowl",O4,18,"Orange Lower Bowl",2500000,#F97316,324,84
1,O4-19,ORANGE,"Orange Seat — Lower Bowl",O4,19,"Orange Lower Bowl",2500000,#F97316,342,84
1,O4-20,ORANGE,"Orange Seat — Lower Bowl",O4,20,"Orange Lower Bowl",2500000,#F97316,360,84
1,O5-01,ORANGE,"Orange Seat — Lower Bowl",O5,1,"Orange Lower Bowl",2500000,#F97316,18,112
1,O5-02,ORANGE,"Orange Seat — Lower Bowl",O5,2,"Orange Lower Bowl",2500000,#F97316,36,112
1,O5-03,ORANGE,"Orange Seat — Lower Bowl",O5,3,"Orange Lower Bowl",2500000,#F97316,54,112
1,O5-04,ORANGE,"Orange Seat — Lower Bowl",O5,4,"Orange Lower Bowl",2500000,#F97316,72,112
1,O5-05,ORANGE,"Orange Seat — Lower Bowl",O5,5,"Orange Lower Bowl",2500000,#F97316,90,112
1,O5-06,ORANGE,"Orange Seat — Lower Bowl",O5,6,"Orange Lower Bowl",2500000,#F97316,108,112
1,O5-07,ORANGE,"Orange Seat — Lower Bowl",O5,7,"Orange Lower Bowl",2500000,#F97316,126,112
1,O5-08,ORANGE,"Orange Seat — Lower Bowl",O5,8,"Orange Lower Bowl",2500000,#F97316,144,112
1,O5-09,ORANGE,"Orange Seat — Lower Bowl",O5,9,"Orange Lower Bowl",2500000,#F97316,162,112
1,O5-10,ORANGE,"Orange Seat — Lower Bowl",O5,10,"Orange Lower Bowl",2500000,#F97316,180,112
1,O5-11,ORANGE,"Orange Seat — Lower Bowl",O5,11,"Orange Lower Bowl",2500000,#F97316,198,112
1,O5-12,ORANGE,"Orange Seat — Lower Bowl",O5,12,"Orange Lower Bowl",2500000,#F97316,216,112
1,O5-13,ORANGE,"Orange Seat — Lower Bowl",O5,13,"Orange Lower Bowl",2500000,#F97316,234,112
1,O5-14,ORANGE,"Orange Seat — Lower Bowl",O5,14,"Orange Lower Bowl",2500000,#F97316,252,112
1,O5-15,ORANGE,"Orange Seat — Lower Bowl",O5,15,"Orange Lower Bowl",2500000,#F97316,270,112
1,O5-16,ORANGE,"Orange Seat — Lower Bowl",O5,16,"Orange Lower Bowl",2500000,#F97316,288,112
1,O5-17,ORANGE,"Orange Seat — Lower Bowl",O5,17,"Orange Lower Bowl",2500000,#F97316,306,112
1,O5-18,ORANGE,"Orange Seat — Lower Bowl",O5,18,"Orange Lower Bowl",2500000,#F97316,324,112
1,O5-19,ORANGE,"Orange Seat — Lower Bowl",O5,19,"Orange Lower Bowl",2500000,#F97316,342,112
1,O5-20,ORANGE,"Orange Seat — Lower Bowl",O5,20,"Orange Lower Bowl",2500000,#F97316,360,112
1,O6-01,ORANGE,"Orange Seat — Lower Bowl",O6,1,"Orange Lower Bowl",2500000,#F97316,18,140
1,O6-02,ORANGE,"Orange Seat — Lower Bowl",O6,2,"Orange Lower Bowl",2500000,#F97316,36,140
1,O6-03,ORANGE,"Orange Seat — Lower Bowl",O6,3,"Orange Lower Bowl",2500000,#F97316,54,140
1,O6-04,ORANGE,"Orange Seat — Lower Bowl",O6,4,"Orange Lower Bowl",2500000,#F97316,72,140
1,O6-05,ORANGE,"Orange Seat — Lower Bowl",O6,5,"Orange Lower Bowl",2500000,#F97316,90,140
1,O6-06,ORANGE,"Orange Seat — Lower Bowl",O6,6,"Orange Lower Bowl",2500000,#F97316,108,140
1,O6-07,ORANGE,"Orange Seat — Lower Bowl",O6,7,"Orange Lower Bowl",2500000,#F97316,126,140
1,O6-08,ORANGE,"Orange Seat — Lower Bowl",O6,8,"Orange Lower Bowl",2500000,#F97316,144,140
1,O6-09,ORANGE,"Orange Seat — Lower Bowl",O6,9,"Orange Lower Bowl",2500000,#F97316,162,140
1,O6-10,ORANGE,"Orange Seat — Lower Bowl",O6,10,"Orange Lower Bowl",2500000,#F97316,180,140
1,O6-11,ORANGE,"Orange Seat — Lower Bowl",O6,11,"Orange Lower Bowl",2500000,#F97316,198,140
1,O6-12,ORANGE,"Orange Seat — Lower Bowl",O6,12,"Orange Lower Bowl",2500000,#F97316,216,140
1,O6-13,ORANGE,"Orange Seat — Lower Bowl",O6,13,"Orange Lower Bowl",2500000,#F97316,234,140
1,O6-14,ORANGE,"Orange Seat — Lower Bowl",O6,14,"Orange Lower Bowl",2500000,#F97316,252,140
1,O6-15,ORANGE,"Orange Seat — Lower Bowl",O6,15,"Orange Lower Bowl",2500000,#F97316,270,140
1,O6-16,ORANGE,"Orange Seat — Lower Bowl",O6,16,"Orange Lower Bowl",2500000,#F97316,288,140
1,O6-17,ORANGE,"Orange Seat — Lower Bowl",O6,17,"Orange Lower Bowl",2500000,#F97316,306,140
1,O6-18,ORANGE,"Orange Seat — Lower Bowl",O6,18,"Orange Lower Bowl",2500000,#F97316,324,140
1,O6-19,ORANGE,"Orange Seat — Lower Bowl",O6,19,"Orange Lower Bowl",2500000,#F97316,342,140
1,O6-20,ORANGE,"Orange Seat — Lower Bowl",O6,20,"Orange Lower Bowl",2500000,#F97316,360,140
1,O7-01,ORANGE,"Orange Seat — Lower Bowl",O7,1,"Orange Lower Bowl",2500000,#F97316,18,168
1,O7-02,ORANGE,"Orange Seat — Lower Bowl",O7,2,"Orange Lower Bowl",2500000,#F97316,36,168
1,O7-03,ORANGE,"Orange Seat — Lower Bowl",O7,3,"Orange Lower Bowl",2500000,#F97316,54,168
1,O7-04,ORANGE,"Orange Seat — Lower Bowl",O7,4,"Orange Lower Bowl",2500000,#F97316,72,168
1,O7-05,ORANGE,"Orange Seat — Lower Bowl",O7,5,"Orange Lower Bowl",2500000,#F97316,90,168
1,O7-06,ORANGE,"Orange Seat — Lower Bowl",O7,6,"Orange Lower Bowl",2500000,#F97316,108,168
1,O7-07,ORANGE,"Orange Seat — Lower Bowl",O7,7,"Orange Lower Bowl",2500000,#F97316,126,168
1,O7-08,ORANGE,"Orange Seat — Lower Bowl",O7,8,"Orange Lower Bowl",2500000,#F97316,144,168
1,O7-09,ORANGE,"Orange Seat — Lower Bowl",O7,9,"Orange Lower Bowl",2500000,#F97316,162,168
1,O7-10,ORANGE,"Orange Seat — Lower Bowl",O7,10,"Orange Lower Bowl",2500000,#F97316,180,168
1,O7-11,ORANGE,"Orange Seat — Lower Bowl",O7,11,"Orange Lower Bowl",2500000,#F97316,198,168
1,O7-12,ORANGE,"Orange Seat — Lower Bowl",O7,12,"Orange Lower Bowl",2500000,#F97316,216,168
1,O7-13,ORANGE,"Orange Seat — Lower Bowl",O7,13,"Orange Lower Bowl",2500000,#F97316,234,168
1,O7-14,ORANGE,"Orange Seat — Lower Bowl",O7,14,"Orange Lower Bowl",2500000,#F97316,252,168
1,O7-15,ORANGE,"Orange Seat — Lower Bowl",O7,15,"Orange Lower Bowl",2500000,#F97316,270,168
1,O7-16,ORANGE,"Orange Seat — Lower Bowl",O7,16,"Orange Lower Bowl",2500000,#F97316,288,168
1,O7-17,ORANGE,"Orange Seat — Lower Bowl",O7,17,"Orange Lower Bowl",2500000,#F97316,306,168
1,O7-18,ORANGE,"Orange Seat — Lower Bowl",O7,18,"Orange Lower Bowl",2500000,#F97316,324,168
1,O7-19,ORANGE,"Orange Seat — Lower Bowl",O7,19,"Orange Lower Bowl",2500000,#F97316,342,168
1,O7-20,ORANGE,"Orange Seat — Lower Bowl",O7,20,"Orange Lower Bowl",2500000,#F97316,360,168
1,O8-01,ORANGE,"Orange Seat — Lower Bowl",O8,1,"Orange Lower Bowl",2500000,#F97316,18,196
1,O8-02,ORANGE,"Orange Seat — Lower Bowl",O8,2,"Orange Lower Bowl",2500000,#F97316,36,196
1,O8-03,ORANGE,"Orange Seat — Lower Bowl",O8,3,"Orange Lower Bowl",2500000,#F97316,54,196
1,O8-04,ORANGE,"Orange Seat — Lower Bowl",O8,4,"Orange Lower Bowl",2500000,#F97316,72,196
1,O8-05,ORANGE,"Orange Seat — Lower Bowl",O8,5,"Orange Lower Bowl",2500000,#F97316,90,196
1,O8-06,ORANGE,"Orange Seat — Lower Bowl",O8,6,"Orange Lower Bowl",2500000,#F97316,108,196
1,O8-07,ORANGE,"Orange Seat — Lower Bowl",O8,7,"Orange Lower Bowl",2500000,#F97316,126,196
1,O8-08,ORANGE,"Orange Seat — Lower Bowl",O8,8,"Orange Lower Bowl",2500000,#F97316,144,196
1,O8-09,ORANGE,"Orange Seat — Lower Bowl",O8,9,"Orange Lower Bowl",2500000,#F97316,162,196
1,O8-10,ORANGE,"Orange Seat — Lower Bowl",O8,10,"Orange Lower Bowl",2500000,#F97316,180,196
1,O8-11,ORANGE,"Orange Seat — Lower Bowl",O8,11,"Orange Lower Bowl",2500000,#F97316,198,196
1,O8-12,ORANGE,"Orange Seat — Lower Bowl",O8,12,"Orange Lower Bowl",2500000,#F97316,216,196
1,O8-13,ORANGE,"Orange Seat — Lower Bowl",O8,13,"Orange Lower Bowl",2500000,#F97316,234,196
1,O8-14,ORANGE,"Orange Seat — Lower Bowl",O8,14,"Orange Lower Bowl",2500000,#F97316,252,196
1,O8-15,ORANGE,"Orange Seat — Lower Bowl",O8,15,"Orange Lower Bowl",2500000,#F97316,270,196
1,O8-16,ORANGE,"Orange Seat — Lower Bowl",O8,16,"Orange Lower Bowl",2500000,#F97316,288,196
1,O8-17,ORANGE,"Orange Seat — Lower Bowl",O8,17,"Orange Lower Bowl",2500000,#F97316,306,196
1,O8-18,ORANGE,"Orange Seat — Lower Bowl",O8,18,"Orange Lower Bowl",2500000,#F97316,324,196
1,O8-19,ORANGE,"Orange Seat — Lower Bowl",O8,19,"Orange Lower Bowl",2500000,#F97316,342,196
1,O8-20,ORANGE,"Orange Seat — Lower Bowl",O8,20,"Orange Lower Bowl",2500000,#F97316,360,196
1,O9-01,ORANGE,"Orange Seat — Lower Bowl",O9,1,"Orange Lower Bowl",2500000,#F97316,18,224
1,O9-02,ORANGE,"Orange Seat — Lower Bowl",O9,2,"Orange Lower Bowl",2500000,#F97316,36,224
1,O9-03,ORANGE,"Orange Seat — Lower Bowl",O9,3,"Orange Lower Bowl",2500000,#F97316,54,224
1,O9-04,ORANGE,"Orange Seat — Lower Bowl",O9,4,"Orange Lower Bowl",2500000,#F97316,72,224
1,O9-05,ORANGE,"Orange Seat — Lower Bowl",O9,5,"Orange Lower Bowl",2500000,#F97316,90,224
1,O9-06,ORANGE,"Orange Seat — Lower Bowl",O9,6,"Orange Lower Bowl",2500000,#F97316,108,224
1,O9-07,ORANGE,"Orange Seat — Lower Bowl",O9,7,"Orange Lower Bowl",2500000,#F97316,126,224
1,O9-08,ORANGE,"Orange Seat — Lower Bowl",O9,8,"Orange Lower Bowl",2500000,#F97316,144,224
1,O9-09,ORANGE,"Orange Seat — Lower Bowl",O9,9,"Orange Lower Bowl",2500000,#F97316,162,224
1,O9-10,ORANGE,"Orange Seat — Lower Bowl",O9,10,"Orange Lower Bowl",2500000,#F97316,180,224
1,O9-11,ORANGE,"Orange Seat — Lower Bowl",O9,11,"Orange Lower Bowl",2500000,#F97316,198,224
1,O9-12,ORANGE,"Orange Seat — Lower Bowl",O9,12,"Orange Lower Bowl",2500000,#F97316,216,224
1,O9-13,ORANGE,"Orange Seat — Lower Bowl",O9,13,"Orange Lower Bowl",2500000,#F97316,234,224
1,O9-14,ORANGE,"Orange Seat — Lower Bowl",O9,14,"Orange Lower Bowl",2500000,#F97316,252,224
1,O9-15,ORANGE,"Orange Seat — Lower Bowl",O9,15,"Orange Lower Bowl",2500000,#F97316,270,224
1,O9-16,ORANGE,"Orange Seat — Lower Bowl",O9,16,"Orange Lower Bowl",2500000,#F97316,288,224
1,O9-17,ORANGE,"Orange Seat — Lower Bowl",O9,17,"Orange Lower Bowl",2500000,#F97316,306,224
1,O9-18,ORANGE,"Orange Seat — Lower Bowl",O9,18,"Orange Lower Bowl",2500000,#F97316,324,224
1,O9-19,ORANGE,"Orange Seat — Lower Bowl",O9,19,"Orange Lower Bowl",2500000,#F97316,342,224
1,O9-20,ORANGE,"Orange Seat — Lower Bowl",O9,20,"Orange Lower Bowl",2500000,#F97316,360,224
1,N1-01,NAVY,"Navy Seat — Upper Bowl",N1,1,"Navy Upper Bowl",1800000,#1E3A8A,18,0
1,N1-02,NAVY,"Navy Seat — Upper Bowl",N1,2,"Navy Upper Bowl",1800000,#1E3A8A,36,0
1,N1-03,NAVY,"Navy Seat — Upper Bowl",N1,3,"Navy Upper Bowl",1800000,#1E3A8A,54,0
1,N1-04,NAVY,"Navy Seat — Upper Bowl",N1,4,"Navy Upper Bowl",1800000,#1E3A8A,72,0
1,N1-05,NAVY,"Navy Seat — Upper Bowl",N1,5,"Navy Upper Bowl",1800000,#1E3A8A,90,0
1,N1-06,NAVY,"Navy Seat — Upper Bowl",N1,6,"Navy Upper Bowl",1800000,#1E3A8A,108,0
1,N1-07,NAVY,"Navy Seat — Upper Bowl",N1,7,"Navy Upper Bowl",1800000,#1E3A8A,126,0
1,N1-08,NAVY,"Navy Seat — Upper Bowl",N1,8,"Navy Upper Bowl",1800000,#1E3A8A,144,0
1,N1-09,NAVY,"Navy Seat — Upper Bowl",N1,9,"Navy Upper Bowl",1800000,#1E3A8A,162,0
1,N1-10,NAVY,"Navy Seat — Upper Bowl",N1,10,"Navy Upper Bowl",1800000,#1E3A8A,180,0
1,N1-11,NAVY,"Navy Seat — Upper Bowl",N1,11,"Navy Upper Bowl",1800000,#1E3A8A,198,0
1,N1-12,NAVY,"Navy Seat — Upper Bowl",N1,12,"Navy Upper Bowl",1800000,#1E3A8A,216,0
1,N1-13,NAVY,"Navy Seat — Upper Bowl",N1,13,"Navy Upper Bowl",1800000,#1E3A8A,234,0
1,N1-14,NAVY,"Navy Seat — Upper Bowl",N1,14,"Navy Upper Bowl",1800000,#1E3A8A,252,0
1,N1-15,NAVY,"Navy Seat — Upper Bowl",N1,15,"Navy Upper Bowl",1800000,#1E3A8A,270,0
1,N1-16,NAVY,"Navy Seat — Upper Bowl",N1,16,"Navy Upper Bowl",1800000,#1E3A8A,288,0
1,N1-17,NAVY,"Navy Seat — Upper Bowl",N1,17,"Navy Upper Bowl",1800000,#1E3A8A,306,0
1,N1-18,NAVY,"Navy Seat — Upper Bowl",N1,18,"Navy Upper Bowl",1800000,#1E3A8A,324,0
1,N1-19,NAVY,"Navy Seat — Upper Bowl",N1,19,"Navy Upper Bowl",1800000,#1E3A8A,342,0
1,N1-20,NAVY,"Navy Seat — Upper Bowl",N1,20,"Navy Upper Bowl",1800000,#1E3A8A,360,0
1,N2-01,NAVY,"Navy Seat — Upper Bowl",N2,1,"Navy Upper Bowl",1800000,#1E3A8A,18,28
1,N2-02,NAVY,"Navy Seat — Upper Bowl",N2,2,"Navy Upper Bowl",1800000,#1E3A8A,36,28
1,N2-03,NAVY,"Navy Seat — Upper Bowl",N2,3,"Navy Upper Bowl",1800000,#1E3A8A,54,28
1,N2-04,NAVY,"Navy Seat — Upper Bowl",N2,4,"Navy Upper Bowl",1800000,#1E3A8A,72,28
1,N2-05,NAVY,"Navy Seat — Upper Bowl",N2,5,"Navy Upper Bowl",1800000,#1E3A8A,90,28
1,N2-06,NAVY,"Navy Seat — Upper Bowl",N2,6,"Navy Upper Bowl",1800000,#1E3A8A,108,28
1,N2-07,NAVY,"Navy Seat — Upper Bowl",N2,7,"Navy Upper Bowl",1800000,#1E3A8A,126,28
1,N2-08,NAVY,"Navy Seat — Upper Bowl",N2,8,"Navy Upper Bowl",1800000,#1E3A8A,144,28
1,N2-09,NAVY,"Navy Seat — Upper Bowl",N2,9,"Navy Upper Bowl",1800000,#1E3A8A,162,28
1,N2-10,NAVY,"Navy Seat — Upper Bowl",N2,10,"Navy Upper Bowl",1800000,#1E3A8A,180,28
1,N2-11,NAVY,"Navy Seat — Upper Bowl",N2,11,"Navy Upper Bowl",1800000,#1E3A8A,198,28
1,N2-12,NAVY,"Navy Seat — Upper Bowl",N2,12,"Navy Upper Bowl",1800000,#1E3A8A,216,28
1,N2-13,NAVY,"Navy Seat — Upper Bowl",N2,13,"Navy Upper Bowl",1800000,#1E3A8A,234,28
1,N2-14,NAVY,"Navy Seat — Upper Bowl",N2,14,"Navy Upper Bowl",1800000,#1E3A8A,252,28
1,N2-15,NAVY,"Navy Seat — Upper Bowl",N2,15,"Navy Upper Bowl",1800000,#1E3A8A,270,28
1,N2-16,NAVY,"Navy Seat — Upper Bowl",N2,16,"Navy Upper Bowl",1800000,#1E3A8A,288,28
1,N2-17,NAVY,"Navy Seat — Upper Bowl",N2,17,"Navy Upper Bowl",1800000,#1E3A8A,306,28
1,N2-18,NAVY,"Navy Seat — Upper Bowl",N2,18,"Navy Upper Bowl",1800000,#1E3A8A,324,28
1,N2-19,NAVY,"Navy Seat — Upper Bowl",N2,19,"Navy Upper Bowl",1800000,#1E3A8A,342,28
1,N2-20,NAVY,"Navy Seat — Upper Bowl",N2,20,"Navy Upper Bowl",1800000,#1E3A8A,360,28
1,N3-01,NAVY,"Navy Seat — Upper Bowl",N3,1,"Navy Upper Bowl",1800000,#1E3A8A,18,56
1,N3-02,NAVY,"Navy Seat — Upper Bowl",N3,2,"Navy Upper Bowl",1800000,#1E3A8A,36,56
1,N3-03,NAVY,"Navy Seat — Upper Bowl",N3,3,"Navy Upper Bowl",1800000,#1E3A8A,54,56
1,N3-04,NAVY,"Navy Seat — Upper Bowl",N3,4,"Navy Upper Bowl",1800000,#1E3A8A,72,56
1,N3-05,NAVY,"Navy Seat — Upper Bowl",N3,5,"Navy Upper Bowl",1800000,#1E3A8A,90,56
1,N3-06,NAVY,"Navy Seat — Upper Bowl",N3,6,"Navy Upper Bowl",1800000,#1E3A8A,108,56
1,N3-07,NAVY,"Navy Seat — Upper Bowl",N3,7,"Navy Upper Bowl",1800000,#1E3A8A,126,56
1,N3-08,NAVY,"Navy Seat — Upper Bowl",N3,8,"Navy Upper Bowl",1800000,#1E3A8A,144,56
1,N3-09,NAVY,"Navy Seat — Upper Bowl",N3,9,"Navy Upper Bowl",1800000,#1E3A8A,162,56
1,N3-10,NAVY,"Navy Seat — Upper Bowl",N3,10,"Navy Upper Bowl",1800000,#1E3A8A,180,56
1,N3-11,NAVY,"Navy Seat — Upper Bowl",N3,11,"Navy Upper Bowl",1800000,#1E3A8A,198,56
1,N3-12,NAVY,"Navy Seat — Upper Bowl",N3,12,"Navy Upper Bowl",1800000,#1E3A8A,216,56
1,N3-13,NAVY,"Navy Seat — Upper Bowl",N3,13,"Navy Upper Bowl",1800000,#1E3A8A,234,56
1,N3-14,NAVY,"Navy Seat — Upper Bowl",N3,14,"Navy Upper Bowl",1800000,#1E3A8A,252,56
1,N3-15,NAVY,"Navy Seat — Upper Bowl",N3,15,"Navy Upper Bowl",1800000,#1E3A8A,270,56
1,N3-16,NAVY,"Navy Seat — Upper Bowl",N3,16,"Navy Upper Bowl",1800000,#1E3A8A,288,56
1,N3-17,NAVY,"Navy Seat — Upper Bowl",N3,17,"Navy Upper Bowl",1800000,#1E3A8A,306,56
1,N3-18,NAVY,"Navy Seat — Upper Bowl",N3,18,"Navy Upper Bowl",1800000,#1E3A8A,324,56
1,N3-19,NAVY,"Navy Seat — Upper Bowl",N3,19,"Navy Upper Bowl",1800000,#1E3A8A,342,56
1,N3-20,NAVY,"Navy Seat — Upper Bowl",N3,20,"Navy Upper Bowl",1800000,#1E3A8A,360,56
1,N4-01,NAVY,"Navy Seat — Upper Bowl",N4,1,"Navy Upper Bowl",1800000,#1E3A8A,18,84
1,N4-02,NAVY,"Navy Seat — Upper Bowl",N4,2,"Navy Upper Bowl",1800000,#1E3A8A,36,84
1,N4-03,NAVY,"Navy Seat — Upper Bowl",N4,3,"Navy Upper Bowl",1800000,#1E3A8A,54,84
1,N4-04,NAVY,"Navy Seat — Upper Bowl",N4,4,"Navy Upper Bowl",1800000,#1E3A8A,72,84
1,N4-05,NAVY,"Navy Seat — Upper Bowl",N4,5,"Navy Upper Bowl",1800000,#1E3A8A,90,84
1,N4-06,NAVY,"Navy Seat — Upper Bowl",N4,6,"Navy Upper Bowl",1800000,#1E3A8A,108,84
1,N4-07,NAVY,"Navy Seat — Upper Bowl",N4,7,"Navy Upper Bowl",1800000,#1E3A8A,126,84
1,N4-08,NAVY,"Navy Seat — Upper Bowl",N4,8,"Navy Upper Bowl",1800000,#1E3A8A,144,84
1,N4-09,NAVY,"Navy Seat — Upper Bowl",N4,9,"Navy Upper Bowl",1800000,#1E3A8A,162,84
1,N4-10,NAVY,"Navy Seat — Upper Bowl",N4,10,"Navy Upper Bowl",1800000,#1E3A8A,180,84
1,N4-11,NAVY,"Navy Seat — Upper Bowl",N4,11,"Navy Upper Bowl",1800000,#1E3A8A,198,84
1,N4-12,NAVY,"Navy Seat — Upper Bowl",N4,12,"Navy Upper Bowl",1800000,#1E3A8A,216,84
1,N4-13,NAVY,"Navy Seat — Upper Bowl",N4,13,"Navy Upper Bowl",1800000,#1E3A8A,234,84
1,N4-14,NAVY,"Navy Seat — Upper Bowl",N4,14,"Navy Upper Bowl",1800000,#1E3A8A,252,84
1,N4-15,NAVY,"Navy Seat — Upper Bowl",N4,15,"Navy Upper Bowl",1800000,#1E3A8A,270,84
1,N4-16,NAVY,"Navy Seat — Upper Bowl",N4,16,"Navy Upper Bowl",1800000,#1E3A8A,288,84
1,N4-17,NAVY,"Navy Seat — Upper Bowl",N4,17,"Navy Upper Bowl",1800000,#1E3A8A,306,84
1,N4-18,NAVY,"Navy Seat — Upper Bowl",N4,18,"Navy Upper Bowl",1800000,#1E3A8A,324,84
1,N4-19,NAVY,"Navy Seat — Upper Bowl",N4,19,"Navy Upper Bowl",1800000,#1E3A8A,342,84
1,N4-20,NAVY,"Navy Seat — Upper Bowl",N4,20,"Navy Upper Bowl",1800000,#1E3A8A,360,84
1,N5-01,NAVY,"Navy Seat — Upper Bowl",N5,1,"Navy Upper Bowl",1800000,#1E3A8A,18,112
1,N5-02,NAVY,"Navy Seat — Upper Bowl",N5,2,"Navy Upper Bowl",1800000,#1E3A8A,36,112
1,N5-03,NAVY,"Navy Seat — Upper Bowl",N5,3,"Navy Upper Bowl",1800000,#1E3A8A,54,112
1,N5-04,NAVY,"Navy Seat — Upper Bowl",N5,4,"Navy Upper Bowl",1800000,#1E3A8A,72,112
1,N5-05,NAVY,"Navy Seat — Upper Bowl",N5,5,"Navy Upper Bowl",1800000,#1E3A8A,90,112
1,N5-06,NAVY,"Navy Seat — Upper Bowl",N5,6,"Navy Upper Bowl",1800000,#1E3A8A,108,112
1,N5-07,NAVY,"Navy Seat — Upper Bowl",N5,7,"Navy Upper Bowl",1800000,#1E3A8A,126,112
1,N5-08,NAVY,"Navy Seat — Upper Bowl",N5,8,"Navy Upper Bowl",1800000,#1E3A8A,144,112
1,N5-09,NAVY,"Navy Seat — Upper Bowl",N5,9,"Navy Upper Bowl",1800000,#1E3A8A,162,112
1,N5-10,NAVY,"Navy Seat — Upper Bowl",N5,10,"Navy Upper Bowl",1800000,#1E3A8A,180,112
1,N5-11,NAVY,"Navy Seat — Upper Bowl",N5,11,"Navy Upper Bowl",1800000,#1E3A8A,198,112
1,N5-12,NAVY,"Navy Seat — Upper Bowl",N5,12,"Navy Upper Bowl",1800000,#1E3A8A,216,112
1,N5-13,NAVY,"Navy Seat — Upper Bowl",N5,13,"Navy Upper Bowl",1800000,#1E3A8A,234,112
1,N5-14,NAVY,"Navy Seat — Upper Bowl",N5,14,"Navy Upper Bowl",1800000,#1E3A8A,252,112
1,N5-15,NAVY,"Navy Seat — Upper Bowl",N5,15,"Navy Upper Bowl",1800000,#1E3A8A,270,112
1,N5-16,NAVY,"Navy Seat — Upper Bowl",N5,16,"Navy Upper Bowl",1800000,#1E3A8A,288,112
1,N5-17,NAVY,"Navy Seat — Upper Bowl",N5,17,"Navy Upper Bowl",1800000,#1E3A8A,306,112
1,N5-18,NAVY,"Navy Seat — Upper Bowl",N5,18,"Navy Upper Bowl",1800000,#1E3A8A,324,112
1,N5-19,NAVY,"Navy Seat — Upper Bowl",N5,19,"Navy Upper Bowl",1800000,#1E3A8A,342,112
1,N5-20,NAVY,"Navy Seat — Upper Bowl",N5,20,"Navy Upper Bowl",1800000,#1E3A8A,360,112
1,N6-01,NAVY,"Navy Seat — Upper Bowl",N6,1,"Navy Upper Bowl",1800000,#1E3A8A,18,140
1,N6-02,NAVY,"Navy Seat — Upper Bowl",N6,2,"Navy Upper Bowl",1800000,#1E3A8A,36,140
1,N6-03,NAVY,"Navy Seat — Upper Bowl",N6,3,"Navy Upper Bowl",1800000,#1E3A8A,54,140
1,N6-04,NAVY,"Navy Seat — Upper Bowl",N6,4,"Navy Upper Bowl",1800000,#1E3A8A,72,140
1,N6-05,NAVY,"Navy Seat — Upper Bowl",N6,5,"Navy Upper Bowl",1800000,#1E3A8A,90,140
1,N6-06,NAVY,"Navy Seat — Upper Bowl",N6,6,"Navy Upper Bowl",1800000,#1E3A8A,108,140
1,N6-07,NAVY,"Navy Seat — Upper Bowl",N6,7,"Navy Upper Bowl",1800000,#1E3A8A,126,140
1,N6-08,NAVY,"Navy Seat — Upper Bowl",N6,8,"Navy Upper Bowl",1800000,#1E3A8A,144,140
1,N6-09,NAVY,"Navy Seat — Upper Bowl",N6,9,"Navy Upper Bowl",1800000,#1E3A8A,162,140
1,N6-10,NAVY,"Navy Seat — Upper Bowl",N6,10,"Navy Upper Bowl",1800000,#1E3A8A,180,140
1,N6-11,NAVY,"Navy Seat — Upper Bowl",N6,11,"Navy Upper Bowl",1800000,#1E3A8A,198,140
1,N6-12,NAVY,"Navy Seat — Upper Bowl",N6,12,"Navy Upper Bowl",1800000,#1E3A8A,216,140
1,N6-13,NAVY,"Navy Seat — Upper Bowl",N6,13,"Navy Upper Bowl",1800000,#1E3A8A,234,140
1,N6-14,NAVY,"Navy Seat — Upper Bowl",N6,14,"Navy Upper Bowl",1800000,#1E3A8A,252,140
1,N6-15,NAVY,"Navy Seat — Upper Bowl",N6,15,"Navy Upper Bowl",1800000,#1E3A8A,270,140
1,N6-16,NAVY,"Navy Seat — Upper Bowl",N6,16,"Navy Upper Bowl",1800000,#1E3A8A,288,140
1,N6-17,NAVY,"Navy Seat — Upper Bowl",N6,17,"Navy Upper Bowl",1800000,#1E3A8A,306,140
1,N6-18,NAVY,"Navy Seat — Upper Bowl",N6,18,"Navy Upper Bowl",1800000,#1E3A8A,324,140
1,N6-19,NAVY,"Navy Seat — Upper Bowl",N6,19,"Navy Upper Bowl",1800000,#1E3A8A,342,140
1,N6-20,NAVY,"Navy Seat — Upper Bowl",N6,20,"Navy Upper Bowl",1800000,#1E3A8A,360,140
2,D1-001,DIA,"Diamond Standing — Center Floor",D1,1,"Diamond Center Floor Standing",3800000,#22D3EE,20,0
2,D1-002,DIA,"Diamond Standing — Center Floor",D1,2,"Diamond Center Floor Standing",3800000,#22D3EE,40,0
2,D1-003,DIA,"Diamond Standing — Center Floor",D1,3,"Diamond Center Floor Standing",3800000,#22D3EE,60,0
2,D1-004,DIA,"Diamond Standing — Center Floor",D1,4,"Diamond Center Floor Standing",3800000,#22D3EE,80,0
2,D1-005,DIA,"Diamond Standing — Center Floor",D1,5,"Diamond Center Floor Standing",3800000,#22D3EE,100,0
2,D1-006,DIA,"Diamond Standing — Center Floor",D1,6,"Diamond Center Floor Standing",3800000,#22D3EE,120,0
2,D1-007,DIA,"Diamond Standing — Center Floor",D1,7,"Diamond Center Floor Standing",3800000,#22D3EE,140,0
2,D1-008,DIA,"Diamond Standing — Center Floor",D1,8,"Diamond Center Floor Standing",3800000,#22D3EE,160,0
2,D1-009,DIA,"Diamond Standing — Center Floor",D1,9,"Diamond Center Floor Standing",3800000,#22D3EE,180,0
2,D1-010,DIA,"Diamond Standing — Center Floor",D1,10,"Diamond Center Floor Standing",3800000,#22D3EE,200,0
2,D1-011,DIA,"Diamond Standing — Center Floor",D1,11,"Diamond Center Floor Standing",3800000,#22D3EE,220,0
2,D1-012,DIA,"Diamond Standing — Center Floor",D1,12,"Diamond Center Floor Standing",3800000,#22D3EE,240,0
2,D1-013,DIA,"Diamond Standing — Center Floor",D1,13,"Diamond Center Floor Standing",3800000,#22D3EE,260,0
2,D1-014,DIA,"Diamond Standing — Center Floor",D1,14,"Diamond Center Floor Standing",3800000,#22D3EE,280,0
2,D1-015,DIA,"Diamond Standing — Center Floor",D1,15,"Diamond Center Floor Standing",3800000,#22D3EE,300,0
2,D1-016,DIA,"Diamond Standing — Center Floor",D1,16,"Diamond Center Floor Standing",3800000,#22D3EE,320,0
2,D1-017,DIA,"Diamond Standing — Center Floor",D1,17,"Diamond Center Floor Standing",3800000,#22D3EE,340,0
2,D1-018,DIA,"Diamond Standing — Center Floor",D1,18,"Diamond Center Floor Standing",3800000,#22D3EE,360,0
2,D1-019,DIA,"Diamond Standing — Center Floor",D1,19,"Diamond Center Floor Standing",3800000,#22D3EE,380,0
2,D1-020,DIA,"Diamond Standing — Center Floor",D1,20,"Diamond Center Floor Standing",3800000,#22D3EE,0,0
2,D1-021,DIA,"Diamond Standing — Center Floor",D1,21,"Diamond Center Floor Standing",3800000,#22D3EE,20,22
2,D1-022,DIA,"Diamond Standing — Center Floor",D1,22,"Diamond Center Floor Standing",3800000,#22D3EE,40,22
2,D1-023,DIA,"Diamond Standing — Center Floor",D1,23,"Diamond Center Floor Standing",3800000,#22D3EE,60,22
2,D1-024,DIA,"Diamond Standing — Center Floor",D1,24,"Diamond Center Floor Standing",3800000,#22D3EE,80,22
2,D1-025,DIA,"Diamond Standing — Center Floor",D1,25,"Diamond Center Floor Standing",3800000,#22D3EE,100,22
2,D1-026,DIA,"Diamond Standing — Center Floor",D1,26,"Diamond Center Floor Standing",3800000,#22D3EE,120,22
2,D1-027,DIA,"Diamond Standing — Center Floor",D1,27,"Diamond Center Floor Standing",3800000,#22D3EE,140,22
2,D1-028,DIA,"Diamond Standing — Center Floor",D1,28,"Diamond Center Floor Standing",3800000,#22D3EE,160,22
2,D1-029,DIA,"Diamond Standing — Center Floor",D1,29,"Diamond Center Floor Standing",3800000,#22D3EE,180,22
2,D1-030,DIA,"Diamond Standing — Center Floor",D1,30,"Diamond Center Floor Standing",3800000,#22D3EE,200,22
2,D1-031,DIA,"Diamond Standing — Center Floor",D1,31,"Diamond Center Floor Standing",3800000,#22D3EE,220,22
2,D1-032,DIA,"Diamond Standing — Center Floor",D1,32,"Diamond Center Floor Standing",3800000,#22D3EE,240,22
2,D1-033,DIA,"Diamond Standing — Center Floor",D1,33,"Diamond Center Floor Standing",3800000,#22D3EE,260,22
2,D1-034,DIA,"Diamond Standing — Center Floor",D1,34,"Diamond Center Floor Standing",3800000,#22D3EE,280,22
2,D1-035,DIA,"Diamond Standing — Center Floor",D1,35,"Diamond Center Floor Standing",3800000,#22D3EE,300,22
2,D1-036,DIA,"Diamond Standing — Center Floor",D1,36,"Diamond Center Floor Standing",3800000,#22D3EE,320,22
2,D1-037,DIA,"Diamond Standing — Center Floor",D1,37,"Diamond Center Floor Standing",3800000,#22D3EE,340,22
2,D1-038,DIA,"Diamond Standing — Center Floor",D1,38,"Diamond Center Floor Standing",3800000,#22D3EE,360,22
2,D1-039,DIA,"Diamond Standing — Center Floor",D1,39,"Diamond Center Floor Standing",3800000,#22D3EE,380,22
2,D1-040,DIA,"Diamond Standing — Center Floor",D1,40,"Diamond Center Floor Standing",3800000,#22D3EE,0,22
2,D2-041,DIA,"Diamond Standing — Center Floor",D2,41,"Diamond Center Floor Standing",3800000,#22D3EE,20,44
2,D2-042,DIA,"Diamond Standing — Center Floor",D2,42,"Diamond Center Floor Standing",3800000,#22D3EE,40,44
2,D2-043,DIA,"Diamond Standing — Center Floor",D2,43,"Diamond Center Floor Standing",3800000,#22D3EE,60,44
2,D2-044,DIA,"Diamond Standing — Center Floor",D2,44,"Diamond Center Floor Standing",3800000,#22D3EE,80,44
2,D2-045,DIA,"Diamond Standing — Center Floor",D2,45,"Diamond Center Floor Standing",3800000,#22D3EE,100,44
2,D2-046,DIA,"Diamond Standing — Center Floor",D2,46,"Diamond Center Floor Standing",3800000,#22D3EE,120,44
2,D2-047,DIA,"Diamond Standing — Center Floor",D2,47,"Diamond Center Floor Standing",3800000,#22D3EE,140,44
2,D2-048,DIA,"Diamond Standing — Center Floor",D2,48,"Diamond Center Floor Standing",3800000,#22D3EE,160,44
2,D2-049,DIA,"Diamond Standing — Center Floor",D2,49,"Diamond Center Floor Standing",3800000,#22D3EE,180,44
2,D2-050,DIA,"Diamond Standing — Center Floor",D2,50,"Diamond Center Floor Standing",3800000,#22D3EE,200,44
2,D2-051,DIA,"Diamond Standing — Center Floor",D2,51,"Diamond Center Floor Standing",3800000,#22D3EE,220,44
2,D2-052,DIA,"Diamond Standing — Center Floor",D2,52,"Diamond Center Floor Standing",3800000,#22D3EE,240,44
2,D2-053,DIA,"Diamond Standing — Center Floor",D2,53,"Diamond Center Floor Standing",3800000,#22D3EE,260,44
2,D2-054,DIA,"Diamond Standing — Center Floor",D2,54,"Diamond Center Floor Standing",3800000,#22D3EE,280,44
2,D2-055,DIA,"Diamond Standing — Center Floor",D2,55,"Diamond Center Floor Standing",3800000,#22D3EE,300,44
2,D2-056,DIA,"Diamond Standing — Center Floor",D2,56,"Diamond Center Floor Standing",3800000,#22D3EE,320,44
2,D2-057,DIA,"Diamond Standing — Center Floor",D2,57,"Diamond Center Floor Standing",3800000,#22D3EE,340,44
2,D2-058,DIA,"Diamond Standing — Center Floor",D2,58,"Diamond Center Floor Standing",3800000,#22D3EE,360,44
2,D2-059,DIA,"Diamond Standing — Center Floor",D2,59,"Diamond Center Floor Standing",3800000,#22D3EE,380,44
2,D2-060,DIA,"Diamond Standing — Center Floor",D2,60,"Diamond Center Floor Standing",3800000,#22D3EE,0,44
2,D2-061,DIA,"Diamond Standing — Center Floor",D2,61,"Diamond Center Floor Standing",3800000,#22D3EE,20,66
2,D2-062,DIA,"Diamond Standing — Center Floor",D2,62,"Diamond Center Floor Standing",3800000,#22D3EE,40,66
2,D2-063,DIA,"Diamond Standing — Center Floor",D2,63,"Diamond Center Floor Standing",3800000,#22D3EE,60,66
2,D2-064,DIA,"Diamond Standing — Center Floor",D2,64,"Diamond Center Floor Standing",3800000,#22D3EE,80,66
2,D2-065,DIA,"Diamond Standing — Center Floor",D2,65,"Diamond Center Floor Standing",3800000,#22D3EE,100,66
2,D2-066,DIA,"Diamond Standing — Center Floor",D2,66,"Diamond Center Floor Standing",3800000,#22D3EE,120,66
2,D2-067,DIA,"Diamond Standing — Center Floor",D2,67,"Diamond Center Floor Standing",3800000,#22D3EE,140,66
2,D2-068,DIA,"Diamond Standing — Center Floor",D2,68,"Diamond Center Floor Standing",3800000,#22D3EE,160,66
2,D2-069,DIA,"Diamond Standing — Center Floor",D2,69,"Diamond Center Floor Standing",3800000,#22D3EE,180,66
2,D2-070,DIA,"Diamond Standing — Center Floor",D2,70,"Diamond Center Floor Standing",3800000,#22D3EE,200,66
2,D2-071,DIA,"Diamond Standing — Center Floor",D2,71,"Diamond Center Floor Standing",3800000,#22D3EE,220,66
2,D2-072,DIA,"Diamond Standing — Center Floor",D2,72,"Diamond Center Floor Standing",3800000,#22D3EE,240,66
2,D2-073,DIA,"Diamond Standing — Center Floor",D2,73,"Diamond Center Floor Standing",3800000,#22D3EE,260,66
2,D2-074,DIA,"Diamond Standing — Center Floor",D2,74,"Diamond Center Floor Standing",3800000,#22D3EE,280,66
2,D2-075,DIA,"Diamond Standing — Center Floor",D2,75,"Diamond Center Floor Standing",3800000,#22D3EE,300,66
2,D2-076,DIA,"Diamond Standing — Center Floor",D2,76,"Diamond Center Floor Standing",3800000,#22D3EE,320,66
2,D2-077,DIA,"Diamond Standing — Center Floor",D2,77,"Diamond Center Floor Standing",3800000,#22D3EE,340,66
2,D2-078,DIA,"Diamond Standing — Center Floor",D2,78,"Diamond Center Floor Standing",3800000,#22D3EE,360,66
2,D2-079,DIA,"Diamond Standing — Center Floor",D2,79,"Diamond Center Floor Standing",3800000,#22D3EE,380,66
2,D2-080,DIA,"Diamond Standing — Center Floor",D2,80,"Diamond Center Floor Standing",3800000,#22D3EE,0,66
2,G1-01,GOLD,"Gold Seat — Side Lower",G1,1,"Gold Side Lower",2800000,#EAB308,18,0
2,G1-02,GOLD,"Gold Seat — Side Lower",G1,2,"Gold Side Lower",2800000,#EAB308,36,0
2,G1-03,GOLD,"Gold Seat — Side Lower",G1,3,"Gold Side Lower",2800000,#EAB308,54,0
2,G1-04,GOLD,"Gold Seat — Side Lower",G1,4,"Gold Side Lower",2800000,#EAB308,72,0
2,G1-05,GOLD,"Gold Seat — Side Lower",G1,5,"Gold Side Lower",2800000,#EAB308,90,0
2,G1-06,GOLD,"Gold Seat — Side Lower",G1,6,"Gold Side Lower",2800000,#EAB308,108,0
2,G1-07,GOLD,"Gold Seat — Side Lower",G1,7,"Gold Side Lower",2800000,#EAB308,126,0
2,G1-08,GOLD,"Gold Seat — Side Lower",G1,8,"Gold Side Lower",2800000,#EAB308,144,0
2,G1-09,GOLD,"Gold Seat — Side Lower",G1,9,"Gold Side Lower",2800000,#EAB308,162,0
2,G1-10,GOLD,"Gold Seat — Side Lower",G1,10,"Gold Side Lower",2800000,#EAB308,180,0
2,G1-11,GOLD,"Gold Seat — Side Lower",G1,11,"Gold Side Lower",2800000,#EAB308,198,0
2,G1-12,GOLD,"Gold Seat — Side Lower",G1,12,"Gold Side Lower",2800000,#EAB308,216,0
2,G1-13,GOLD,"Gold Seat — Side Lower",G1,13,"Gold Side Lower",2800000,#EAB308,234,0
2,G1-14,GOLD,"Gold Seat — Side Lower",G1,14,"Gold Side Lower",2800000,#EAB308,252,0
2,G1-15,GOLD,"Gold Seat — Side Lower",G1,15,"Gold Side Lower",2800000,#EAB308,270,0
2,G1-16,GOLD,"Gold Seat — Side Lower",G1,16,"Gold Side Lower",2800000,#EAB308,288,0
2,G1-17,GOLD,"Gold Seat — Side Lower",G1,17,"Gold Side Lower",2800000,#EAB308,306,0
2,G1-18,GOLD,"Gold Seat — Side Lower",G1,18,"Gold Side Lower",2800000,#EAB308,324,0
2,G1-19,GOLD,"Gold Seat — Side Lower",G1,19,"Gold Side Lower",2800000,#EAB308,342,0
2,G1-20,GOLD,"Gold Seat — Side Lower",G1,20,"Gold Side Lower",2800000,#EAB308,360,0
2,G2-01,GOLD,"Gold Seat — Side Lower",G2,1,"Gold Side Lower",2800000,#EAB308,18,28
2,G2-02,GOLD,"Gold Seat — Side Lower",G2,2,"Gold Side Lower",2800000,#EAB308,36,28
2,G2-03,GOLD,"Gold Seat — Side Lower",G2,3,"Gold Side Lower",2800000,#EAB308,54,28
2,G2-04,GOLD,"Gold Seat — Side Lower",G2,4,"Gold Side Lower",2800000,#EAB308,72,28
2,G2-05,GOLD,"Gold Seat — Side Lower",G2,5,"Gold Side Lower",2800000,#EAB308,90,28
2,G2-06,GOLD,"Gold Seat — Side Lower",G2,6,"Gold Side Lower",2800000,#EAB308,108,28
2,G2-07,GOLD,"Gold Seat — Side Lower",G2,7,"Gold Side Lower",2800000,#EAB308,126,28
2,G2-08,GOLD,"Gold Seat — Side Lower",G2,8,"Gold Side Lower",2800000,#EAB308,144,28
2,G2-09,GOLD,"Gold Seat — Side Lower",G2,9,"Gold Side Lower",2800000,#EAB308,162,28
2,G2-10,GOLD,"Gold Seat — Side Lower",G2,10,"Gold Side Lower",2800000,#EAB308,180,28
2,G2-11,GOLD,"Gold Seat — Side Lower",G2,11,"Gold Side Lower",2800000,#EAB308,198,28
2,G2-12,GOLD,"Gold Seat — Side Lower",G2,12,"Gold Side Lower",2800000,#EAB308,216,28
2,G2-13,GOLD,"Gold Seat — Side Lower",G2,13,"Gold Side Lower",2800000,#EAB308,234,28
2,G2-14,GOLD,"Gold Seat — Side Lower",G2,14,"Gold Side Lower",2800000,#EAB308,252,28
2,G2-15,GOLD,"Gold Seat — Side Lower",G2,15,"Gold Side Lower",2800000,#EAB308,270,28
2,G2-16,GOLD,"Gold Seat — Side Lower",G2,16,"Gold Side Lower",2800000,#EAB308,288,28
2,G2-17,GOLD,"Gold Seat — Side Lower",G2,17,"Gold Side Lower",2800000,#EAB308,306,28
2,G2-18,GOLD,"Gold Seat — Side Lower",G2,18,"Gold Side Lower",2800000,#EAB308,324,28
2,G2-19,GOLD,"Gold Seat — Side Lower",G2,19,"Gold Side Lower",2800000,#EAB308,342,28
2,G2-20,GOLD,"Gold Seat — Side Lower",G2,20,"Gold Side Lower",2800000,#EAB308,360,28
2,G3-01,GOLD,"Gold Seat — Side Lower",G3,1,"Gold Side Lower",2800000,#EAB308,18,56
2,G3-02,GOLD,"Gold Seat — Side Lower",G3,2,"Gold Side Lower",2800000,#EAB308,36,56
2,G3-03,GOLD,"Gold Seat — Side Lower",G3,3,"Gold Side Lower",2800000,#EAB308,54,56
2,G3-04,GOLD,"Gold Seat — Side Lower",G3,4,"Gold Side Lower",2800000,#EAB308,72,56
2,G3-05,GOLD,"Gold Seat — Side Lower",G3,5,"Gold Side Lower",2800000,#EAB308,90,56
2,G3-06,GOLD,"Gold Seat — Side Lower",G3,6,"Gold Side Lower",2800000,#EAB308,108,56
2,G3-07,GOLD,"Gold Seat — Side Lower",G3,7,"Gold Side Lower",2800000,#EAB308,126,56
2,G3-08,GOLD,"Gold Seat — Side Lower",G3,8,"Gold Side Lower",2800000,#EAB308,144,56
2,G3-09,GOLD,"Gold Seat — Side Lower",G3,9,"Gold Side Lower",2800000,#EAB308,162,56
2,G3-10,GOLD,"Gold Seat — Side Lower",G3,10,"Gold Side Lower",2800000,#EAB308,180,56
2,G3-11,GOLD,"Gold Seat — Side Lower",G3,11,"Gold Side Lower",2800000,#EAB308,198,56
2,G3-12,GOLD,"Gold Seat — Side Lower",G3,12,"Gold Side Lower",2800000,#EAB308,216,56
2,G3-13,GOLD,"Gold Seat — Side Lower",G3,13,"Gold Side Lower",2800000,#EAB308,234,56
2,G3-14,GOLD,"Gold Seat — Side Lower",G3,14,"Gold Side Lower",2800000,#EAB308,252,56
2,G3-15,GOLD,"Gold Seat — Side Lower",G3,15,"Gold Side Lower",2800000,#EAB308,270,56
2,G3-16,GOLD,"Gold Seat — Side Lower",G3,16,"Gold Side Lower",2800000,#EAB308,288,56
2,G3-17,GOLD,"Gold Seat — Side Lower",G3,17,"Gold Side Lower",2800000,#EAB308,306,56
2,G3-18,GOLD,"Gold Seat — Side Lower",G3,18,"Gold Side Lower",2800000,#EAB308,324,56
2,G3-19,GOLD,"Gold Seat — Side Lower",G3,19,"Gold Side Lower",2800000,#EAB308,342,56
2,G3-20,GOLD,"Gold Seat — Side Lower",G3,20,"Gold Side Lower",2800000,#EAB308,360,56
2,G4-01,GOLD,"Gold Seat — Side Lower",G4,1,"Gold Side Lower",2800000,#EAB308,18,84
2,G4-02,GOLD,"Gold Seat — Side Lower",G4,2,"Gold Side Lower",2800000,#EAB308,36,84
2,G4-03,GOLD,"Gold Seat — Side Lower",G4,3,"Gold Side Lower",2800000,#EAB308,54,84
2,G4-04,GOLD,"Gold Seat — Side Lower",G4,4,"Gold Side Lower",2800000,#EAB308,72,84
2,G4-05,GOLD,"Gold Seat — Side Lower",G4,5,"Gold Side Lower",2800000,#EAB308,90,84
2,G4-06,GOLD,"Gold Seat — Side Lower",G4,6,"Gold Side Lower",2800000,#EAB308,108,84
2,G4-07,GOLD,"Gold Seat — Side Lower",G4,7,"Gold Side Lower",2800000,#EAB308,126,84
2,G4-08,GOLD,"Gold Seat — Side Lower",G4,8,"Gold Side Lower",2800000,#EAB308,144,84
2,G4-09,GOLD,"Gold Seat — Side Lower",G4,9,"Gold Side Lower",2800000,#EAB308,162,84
2,G4-10,GOLD,"Gold Seat — Side Lower",G4,10,"Gold Side Lower",2800000,#EAB308,180,84
2,G4-11,GOLD,"Gold Seat — Side Lower",G4,11,"Gold Side Lower",2800000,#EAB308,198,84
2,G4-12,GOLD,"Gold Seat — Side Lower",G4,12,"Gold Side Lower",2800000,#EAB308,216,84
2,G4-13,GOLD,"Gold Seat — Side Lower",G4,13,"Gold Side Lower",2800000,#EAB308,234,84
2,G4-14,GOLD,"Gold Seat — Side Lower",G4,14,"Gold Side Lower",2800000,#EAB308,252,84
2,G4-15,GOLD,"Gold Seat — Side Lower",G4,15,"Gold Side Lower",2800000,#EAB308,270,84
2,G4-16,GOLD,"Gold Seat — Side Lower",G4,16,"Gold Side Lower",2800000,#EAB308,288,84
2,G4-17,GOLD,"Gold Seat — Side Lower",G4,17,"Gold Side Lower",2800000,#EAB308,306,84
2,G4-18,GOLD,"Gold Seat — Side Lower",G4,18,"Gold Side Lower",2800000,#EAB308,324,84
2,G4-19,GOLD,"Gold Seat — Side Lower",G4,19,"Gold Side Lower",2800000,#EAB308,342,84
2,G4-20,GOLD,"Gold Seat — Side Lower",G4,20,"Gold Side Lower",2800000,#EAB308,360,84
2,G5-01,GOLD,"Gold Seat — Side Lower",G5,1,"Gold Side Lower",2800000,#EAB308,18,112
2,G5-02,GOLD,"Gold Seat — Side Lower",G5,2,"Gold Side Lower",2800000,#EAB308,36,112
2,G5-03,GOLD,"Gold Seat — Side Lower",G5,3,"Gold Side Lower",2800000,#EAB308,54,112
2,G5-04,GOLD,"Gold Seat — Side Lower",G5,4,"Gold Side Lower",2800000,#EAB308,72,112
2,G5-05,GOLD,"Gold Seat — Side Lower",G5,5,"Gold Side Lower",2800000,#EAB308,90,112
2,G5-06,GOLD,"Gold Seat — Side Lower",G5,6,"Gold Side Lower",2800000,#EAB308,108,112
2,G5-07,GOLD,"Gold Seat — Side Lower",G5,7,"Gold Side Lower",2800000,#EAB308,126,112
2,G5-08,GOLD,"Gold Seat — Side Lower",G5,8,"Gold Side Lower",2800000,#EAB308,144,112
2,G5-09,GOLD,"Gold Seat — Side Lower",G5,9,"Gold Side Lower",2800000,#EAB308,162,112
2,G5-10,GOLD,"Gold Seat — Side Lower",G5,10,"Gold Side Lower",2800000,#EAB308,180,112
2,G5-11,GOLD,"Gold Seat — Side Lower",G5,11,"Gold Side Lower",2800000,#EAB308,198,112
2,G5-12,GOLD,"Gold Seat — Side Lower",G5,12,"Gold Side Lower",2800000,#EAB308,216,112
2,G5-13,GOLD,"Gold Seat — Side Lower",G5,13,"Gold Side Lower",2800000,#EAB308,234,112
2,G5-14,GOLD,"Gold Seat — Side Lower",G5,14,"Gold Side Lower",2800000,#EAB308,252,112
2,G5-15,GOLD,"Gold Seat — Side Lower",G5,15,"Gold Side Lower",2800000,#EAB308,270,112
2,G5-16,GOLD,"Gold Seat — Side Lower",G5,16,"Gold Side Lower",2800000,#EAB308,288,112
2,G5-17,GOLD,"Gold Seat — Side Lower",G5,17,"Gold Side Lower",2800000,#EAB308,306,112
2,G5-18,GOLD,"Gold Seat — Side Lower",G5,18,"Gold Side Lower",2800000,#EAB308,324,112
2,G5-19,GOLD,"Gold Seat — Side Lower",G5,19,"Gold Side Lower",2800000,#EAB308,342,112
2,G5-20,GOLD,"Gold Seat — Side Lower",G5,20,"Gold Side Lower",2800000,#EAB308,360,112
2,S1-01,SILVER,"Silver Seat — Rear Lower",S1,1,"Silver Rear Lower",2200000,#94A3B8,18,0
2,S1-02,SILVER,"Silver Seat — Rear Lower",S1,2,"Silver Rear Lower",2200000,#94A3B8,36,0
2,S1-03,SILVER,"Silver Seat — Rear Lower",S1,3,"Silver Rear Lower",2200000,#94A3B8,54,0
2,S1-04,SILVER,"Silver Seat — Rear Lower",S1,4,"Silver Rear Lower",2200000,#94A3B8,72,0
2,S1-05,SILVER,"Silver Seat — Rear Lower",S1,5,"Silver Rear Lower",2200000,#94A3B8,90,0
2,S1-06,SILVER,"Silver Seat — Rear Lower",S1,6,"Silver Rear Lower",2200000,#94A3B8,108,0
2,S1-07,SILVER,"Silver Seat — Rear Lower",S1,7,"Silver Rear Lower",2200000,#94A3B8,126,0
2,S1-08,SILVER,"Silver Seat — Rear Lower",S1,8,"Silver Rear Lower",2200000,#94A3B8,144,0
2,S1-09,SILVER,"Silver Seat — Rear Lower",S1,9,"Silver Rear Lower",2200000,#94A3B8,162,0
2,S1-10,SILVER,"Silver Seat — Rear Lower",S1,10,"Silver Rear Lower",2200000,#94A3B8,180,0
2,S1-11,SILVER,"Silver Seat — Rear Lower",S1,11,"Silver Rear Lower",2200000,#94A3B8,198,0
2,S1-12,SILVER,"Silver Seat — Rear Lower",S1,12,"Silver Rear Lower",2200000,#94A3B8,216,0
2,S1-13,SILVER,"Silver Seat — Rear Lower",S1,13,"Silver Rear Lower",2200000,#94A3B8,234,0
2,S1-14,SILVER,"Silver Seat — Rear Lower",S1,14,"Silver Rear Lower",2200000,#94A3B8,252,0
2,S1-15,SILVER,"Silver Seat — Rear Lower",S1,15,"Silver Rear Lower",2200000,#94A3B8,270,0
2,S1-16,SILVER,"Silver Seat — Rear Lower",S1,16,"Silver Rear Lower",2200000,#94A3B8,288,0
2,S1-17,SILVER,"Silver Seat — Rear Lower",S1,17,"Silver Rear Lower",2200000,#94A3B8,306,0
2,S1-18,SILVER,"Silver Seat — Rear Lower",S1,18,"Silver Rear Lower",2200000,#94A3B8,324,0
2,S1-19,SILVER,"Silver Seat — Rear Lower",S1,19,"Silver Rear Lower",2200000,#94A3B8,342,0
2,S1-20,SILVER,"Silver Seat — Rear Lower",S1,20,"Silver Rear Lower",2200000,#94A3B8,360,0
2,S2-01,SILVER,"Silver Seat — Rear Lower",S2,1,"Silver Rear Lower",2200000,#94A3B8,18,28
2,S2-02,SILVER,"Silver Seat — Rear Lower",S2,2,"Silver Rear Lower",2200000,#94A3B8,36,28
2,S2-03,SILVER,"Silver Seat — Rear Lower",S2,3,"Silver Rear Lower",2200000,#94A3B8,54,28
2,S2-04,SILVER,"Silver Seat — Rear Lower",S2,4,"Silver Rear Lower",2200000,#94A3B8,72,28
2,S2-05,SILVER,"Silver Seat — Rear Lower",S2,5,"Silver Rear Lower",2200000,#94A3B8,90,28
2,S2-06,SILVER,"Silver Seat — Rear Lower",S2,6,"Silver Rear Lower",2200000,#94A3B8,108,28
2,S2-07,SILVER,"Silver Seat — Rear Lower",S2,7,"Silver Rear Lower",2200000,#94A3B8,126,28
2,S2-08,SILVER,"Silver Seat — Rear Lower",S2,8,"Silver Rear Lower",2200000,#94A3B8,144,28
2,S2-09,SILVER,"Silver Seat — Rear Lower",S2,9,"Silver Rear Lower",2200000,#94A3B8,162,28
2,S2-10,SILVER,"Silver Seat — Rear Lower",S2,10,"Silver Rear Lower",2200000,#94A3B8,180,28
2,S2-11,SILVER,"Silver Seat — Rear Lower",S2,11,"Silver Rear Lower",2200000,#94A3B8,198,28
2,S2-12,SILVER,"Silver Seat — Rear Lower",S2,12,"Silver Rear Lower",2200000,#94A3B8,216,28
2,S2-13,SILVER,"Silver Seat — Rear Lower",S2,13,"Silver Rear Lower",2200000,#94A3B8,234,28
2,S2-14,SILVER,"Silver Seat — Rear Lower",S2,14,"Silver Rear Lower",2200000,#94A3B8,252,28
2,S2-15,SILVER,"Silver Seat — Rear Lower",S2,15,"Silver Rear Lower",2200000,#94A3B8,270,28
2,S2-16,SILVER,"Silver Seat — Rear Lower",S2,16,"Silver Rear Lower",2200000,#94A3B8,288,28
2,S2-17,SILVER,"Silver Seat — Rear Lower",S2,17,"Silver Rear Lower",2200000,#94A3B8,306,28
2,S2-18,SILVER,"Silver Seat — Rear Lower",S2,18,"Silver Rear Lower",2200000,#94A3B8,324,28
2,S2-19,SILVER,"Silver Seat — Rear Lower",S2,19,"Silver Rear Lower",2200000,#94A3B8,342,28
2,S2-20,SILVER,"Silver Seat — Rear Lower",S2,20,"Silver Rear Lower",2200000,#94A3B8,360,28
2,S3-01,SILVER,"Silver Seat — Rear Lower",S3,1,"Silver Rear Lower",2200000,#94A3B8,18,56
2,S3-02,SILVER,"Silver Seat — Rear Lower",S3,2,"Silver Rear Lower",2200000,#94A3B8,36,56
2,S3-03,SILVER,"Silver Seat — Rear Lower",S3,3,"Silver Rear Lower",2200000,#94A3B8,54,56
2,S3-04,SILVER,"Silver Seat — Rear Lower",S3,4,"Silver Rear Lower",2200000,#94A3B8,72,56
2,S3-05,SILVER,"Silver Seat — Rear Lower",S3,5,"Silver Rear Lower",2200000,#94A3B8,90,56
2,S3-06,SILVER,"Silver Seat — Rear Lower",S3,6,"Silver Rear Lower",2200000,#94A3B8,108,56
2,S3-07,SILVER,"Silver Seat — Rear Lower",S3,7,"Silver Rear Lower",2200000,#94A3B8,126,56
2,S3-08,SILVER,"Silver Seat — Rear Lower",S3,8,"Silver Rear Lower",2200000,#94A3B8,144,56
2,S3-09,SILVER,"Silver Seat — Rear Lower",S3,9,"Silver Rear Lower",2200000,#94A3B8,162,56
2,S3-10,SILVER,"Silver Seat — Rear Lower",S3,10,"Silver Rear Lower",2200000,#94A3B8,180,56
2,S3-11,SILVER,"Silver Seat — Rear Lower",S3,11,"Silver Rear Lower",2200000,#94A3B8,198,56
2,S3-12,SILVER,"Silver Seat — Rear Lower",S3,12,"Silver Rear Lower",2200000,#94A3B8,216,56
2,S3-13,SILVER,"Silver Seat — Rear Lower",S3,13,"Silver Rear Lower",2200000,#94A3B8,234,56
2,S3-14,SILVER,"Silver Seat — Rear Lower",S3,14,"Silver Rear Lower",2200000,#94A3B8,252,56
2,S3-15,SILVER,"Silver Seat — Rear Lower",S3,15,"Silver Rear Lower",2200000,#94A3B8,270,56
2,S3-16,SILVER,"Silver Seat — Rear Lower",S3,16,"Silver Rear Lower",2200000,#94A3B8,288,56
2,S3-17,SILVER,"Silver Seat — Rear Lower",S3,17,"Silver Rear Lower",2200000,#94A3B8,306,56
2,S3-18,SILVER,"Silver Seat — Rear Lower",S3,18,"Silver Rear Lower",2200000,#94A3B8,324,56
2,S3-19,SILVER,"Silver Seat — Rear Lower",S3,19,"Silver Rear Lower",2200000,#94A3B8,342,56
2,S3-20,SILVER,"Silver Seat — Rear Lower",S3,20,"Silver Rear Lower",2200000,#94A3B8,360,56
2,S4-01,SILVER,"Silver Seat — Rear Lower",S4,1,"Silver Rear Lower",2200000,#94A3B8,18,84
2,S4-02,SILVER,"Silver Seat — Rear Lower",S4,2,"Silver Rear Lower",2200000,#94A3B8,36,84
2,S4-03,SILVER,"Silver Seat — Rear Lower",S4,3,"Silver Rear Lower",2200000,#94A3B8,54,84
2,S4-04,SILVER,"Silver Seat — Rear Lower",S4,4,"Silver Rear Lower",2200000,#94A3B8,72,84
2,S4-05,SILVER,"Silver Seat — Rear Lower",S4,5,"Silver Rear Lower",2200000,#94A3B8,90,84
2,S4-06,SILVER,"Silver Seat — Rear Lower",S4,6,"Silver Rear Lower",2200000,#94A3B8,108,84
2,S4-07,SILVER,"Silver Seat — Rear Lower",S4,7,"Silver Rear Lower",2200000,#94A3B8,126,84
2,S4-08,SILVER,"Silver Seat — Rear Lower",S4,8,"Silver Rear Lower",2200000,#94A3B8,144,84
2,S4-09,SILVER,"Silver Seat — Rear Lower",S4,9,"Silver Rear Lower",2200000,#94A3B8,162,84
2,S4-10,SILVER,"Silver Seat — Rear Lower",S4,10,"Silver Rear Lower",2200000,#94A3B8,180,84
2,S4-11,SILVER,"Silver Seat — Rear Lower",S4,11,"Silver Rear Lower",2200000,#94A3B8,198,84
2,S4-12,SILVER,"Silver Seat — Rear Lower",S4,12,"Silver Rear Lower",2200000,#94A3B8,216,84
2,S4-13,SILVER,"Silver Seat — Rear Lower",S4,13,"Silver Rear Lower",2200000,#94A3B8,234,84
2,S4-14,SILVER,"Silver Seat — Rear Lower",S4,14,"Silver Rear Lower",2200000,#94A3B8,252,84
2,S4-15,SILVER,"Silver Seat — Rear Lower",S4,15,"Silver Rear Lower",2200000,#94A3B8,270,84
2,S4-16,SILVER,"Silver Seat — Rear Lower",S4,16,"Silver Rear Lower",2200000,#94A3B8,288,84
2,S4-17,SILVER,"Silver Seat — Rear Lower",S4,17,"Silver Rear Lower",2200000,#94A3B8,306,84
2,S4-18,SILVER,"Silver Seat — Rear Lower",S4,18,"Silver Rear Lower",2200000,#94A3B8,324,84
2,S4-19,SILVER,"Silver Seat — Rear Lower",S4,19,"Silver Rear Lower",2200000,#94A3B8,342,84
2,S4-20,SILVER,"Silver Seat — Rear Lower",S4,20,"Silver Rear Lower",2200000,#94A3B8,360,84
2,S5-01,SILVER,"Silver Seat — Rear Lower",S5,1,"Silver Rear Lower",2200000,#94A3B8,18,112
2,S5-02,SILVER,"Silver Seat — Rear Lower",S5,2,"Silver Rear Lower",2200000,#94A3B8,36,112
2,S5-03,SILVER,"Silver Seat — Rear Lower",S5,3,"Silver Rear Lower",2200000,#94A3B8,54,112
2,S5-04,SILVER,"Silver Seat — Rear Lower",S5,4,"Silver Rear Lower",2200000,#94A3B8,72,112
2,S5-05,SILVER,"Silver Seat — Rear Lower",S5,5,"Silver Rear Lower",2200000,#94A3B8,90,112
2,S5-06,SILVER,"Silver Seat — Rear Lower",S5,6,"Silver Rear Lower",2200000,#94A3B8,108,112
2,S5-07,SILVER,"Silver Seat — Rear Lower",S5,7,"Silver Rear Lower",2200000,#94A3B8,126,112
2,S5-08,SILVER,"Silver Seat — Rear Lower",S5,8,"Silver Rear Lower",2200000,#94A3B8,144,112
2,S5-09,SILVER,"Silver Seat — Rear Lower",S5,9,"Silver Rear Lower",2200000,#94A3B8,162,112
2,S5-10,SILVER,"Silver Seat — Rear Lower",S5,10,"Silver Rear Lower",2200000,#94A3B8,180,112
2,S5-11,SILVER,"Silver Seat — Rear Lower",S5,11,"Silver Rear Lower",2200000,#94A3B8,198,112
2,S5-12,SILVER,"Silver Seat — Rear Lower",S5,12,"Silver Rear Lower",2200000,#94A3B8,216,112
2,S5-13,SILVER,"Silver Seat — Rear Lower",S5,13,"Silver Rear Lower",2200000,#94A3B8,234,112
2,S5-14,SILVER,"Silver Seat — Rear Lower",S5,14,"Silver Rear Lower",2200000,#94A3B8,252,112
2,S5-15,SILVER,"Silver Seat — Rear Lower",S5,15,"Silver Rear Lower",2200000,#94A3B8,270,112
2,S5-16,SILVER,"Silver Seat — Rear Lower",S5,16,"Silver Rear Lower",2200000,#94A3B8,288,112
2,S5-17,SILVER,"Silver Seat — Rear Lower",S5,17,"Silver Rear Lower",2200000,#94A3B8,306,112
2,S5-18,SILVER,"Silver Seat — Rear Lower",S5,18,"Silver Rear Lower",2200000,#94A3B8,324,112
2,S5-19,SILVER,"Silver Seat — Rear Lower",S5,19,"Silver Rear Lower",2200000,#94A3B8,342,112
2,S5-20,SILVER,"Silver Seat — Rear Lower",S5,20,"Silver Rear Lower",2200000,#94A3B8,360,112
2,S6-01,SILVER,"Silver Seat — Rear Lower",S6,1,"Silver Rear Lower",2200000,#94A3B8,18,140
2,S6-02,SILVER,"Silver Seat — Rear Lower",S6,2,"Silver Rear Lower",2200000,#94A3B8,36,140
2,S6-03,SILVER,"Silver Seat — Rear Lower",S6,3,"Silver Rear Lower",2200000,#94A3B8,54,140
2,S6-04,SILVER,"Silver Seat — Rear Lower",S6,4,"Silver Rear Lower",2200000,#94A3B8,72,140
2,S6-05,SILVER,"Silver Seat — Rear Lower",S6,5,"Silver Rear Lower",2200000,#94A3B8,90,140
2,S6-06,SILVER,"Silver Seat — Rear Lower",S6,6,"Silver Rear Lower",2200000,#94A3B8,108,140
2,S6-07,SILVER,"Silver Seat — Rear Lower",S6,7,"Silver Rear Lower",2200000,#94A3B8,126,140
2,S6-08,SILVER,"Silver Seat — Rear Lower",S6,8,"Silver Rear Lower",2200000,#94A3B8,144,140
2,S6-09,SILVER,"Silver Seat — Rear Lower",S6,9,"Silver Rear Lower",2200000,#94A3B8,162,140
2,S6-10,SILVER,"Silver Seat — Rear Lower",S6,10,"Silver Rear Lower",2200000,#94A3B8,180,140
2,S6-11,SILVER,"Silver Seat — Rear Lower",S6,11,"Silver Rear Lower",2200000,#94A3B8,198,140
2,S6-12,SILVER,"Silver Seat — Rear Lower",S6,12,"Silver Rear Lower",2200000,#94A3B8,216,140
2,S6-13,SILVER,"Silver Seat — Rear Lower",S6,13,"Silver Rear Lower",2200000,#94A3B8,234,140
2,S6-14,SILVER,"Silver Seat — Rear Lower",S6,14,"Silver Rear Lower",2200000,#94A3B8,252,140
2,S6-15,SILVER,"Silver Seat — Rear Lower",S6,15,"Silver Rear Lower",2200000,#94A3B8,270,140
2,S6-16,SILVER,"Silver Seat — Rear Lower",S6,16,"Silver Rear Lower",2200000,#94A3B8,288,140
2,S6-17,SILVER,"Silver Seat — Rear Lower",S6,17,"Silver Rear Lower",2200000,#94A3B8,306,140
2,S6-18,SILVER,"Silver Seat — Rear Lower",S6,18,"Silver Rear Lower",2200000,#94A3B8,324,140
2,S6-19,SILVER,"Silver Seat — Rear Lower",S6,19,"Silver Rear Lower",2200000,#94A3B8,342,140
2,S6-20,SILVER,"Silver Seat — Rear Lower",S6,20,"Silver Rear Lower",2200000,#94A3B8,360,140
2,B1-01,BRONZE,"Bronze Seat — Upper",B1,1,"Bronze Upper",1600000,#B45309,18,0
2,B1-02,BRONZE,"Bronze Seat — Upper",B1,2,"Bronze Upper",1600000,#B45309,36,0
2,B1-03,BRONZE,"Bronze Seat — Upper",B1,3,"Bronze Upper",1600000,#B45309,54,0
2,B1-04,BRONZE,"Bronze Seat — Upper",B1,4,"Bronze Upper",1600000,#B45309,72,0
2,B1-05,BRONZE,"Bronze Seat — Upper",B1,5,"Bronze Upper",1600000,#B45309,90,0
2,B1-06,BRONZE,"Bronze Seat — Upper",B1,6,"Bronze Upper",1600000,#B45309,108,0
2,B1-07,BRONZE,"Bronze Seat — Upper",B1,7,"Bronze Upper",1600000,#B45309,126,0
2,B1-08,BRONZE,"Bronze Seat — Upper",B1,8,"Bronze Upper",1600000,#B45309,144,0
2,B1-09,BRONZE,"Bronze Seat — Upper",B1,9,"Bronze Upper",1600000,#B45309,162,0
2,B1-10,BRONZE,"Bronze Seat — Upper",B1,10,"Bronze Upper",1600000,#B45309,180,0
2,B1-11,BRONZE,"Bronze Seat — Upper",B1,11,"Bronze Upper",1600000,#B45309,198,0
2,B1-12,BRONZE,"Bronze Seat — Upper",B1,12,"Bronze Upper",1600000,#B45309,216,0
2,B1-13,BRONZE,"Bronze Seat — Upper",B1,13,"Bronze Upper",1600000,#B45309,234,0
2,B1-14,BRONZE,"Bronze Seat — Upper",B1,14,"Bronze Upper",1600000,#B45309,252,0
2,B1-15,BRONZE,"Bronze Seat — Upper",B1,15,"Bronze Upper",1600000,#B45309,270,0
2,B1-16,BRONZE,"Bronze Seat — Upper",B1,16,"Bronze Upper",1600000,#B45309,288,0
2,B1-17,BRONZE,"Bronze Seat — Upper",B1,17,"Bronze Upper",1600000,#B45309,306,0
2,B1-18,BRONZE,"Bronze Seat — Upper",B1,18,"Bronze Upper",1600000,#B45309,324,0
2,B1-19,BRONZE,"Bronze Seat — Upper",B1,19,"Bronze Upper",1600000,#B45309,342,0
2,B1-20,BRONZE,"Bronze Seat — Upper",B1,20,"Bronze Upper",1600000,#B45309,360,0
2,B2-01,BRONZE,"Bronze Seat — Upper",B2,1,"Bronze Upper",1600000,#B45309,18,28
2,B2-02,BRONZE,"Bronze Seat — Upper",B2,2,"Bronze Upper",1600000,#B45309,36,28
2,B2-03,BRONZE,"Bronze Seat — Upper",B2,3,"Bronze Upper",1600000,#B45309,54,28
2,B2-04,BRONZE,"Bronze Seat — Upper",B2,4,"Bronze Upper",1600000,#B45309,72,28
2,B2-05,BRONZE,"Bronze Seat — Upper",B2,5,"Bronze Upper",1600000,#B45309,90,28
2,B2-06,BRONZE,"Bronze Seat — Upper",B2,6,"Bronze Upper",1600000,#B45309,108,28
2,B2-07,BRONZE,"Bronze Seat — Upper",B2,7,"Bronze Upper",1600000,#B45309,126,28
2,B2-08,BRONZE,"Bronze Seat — Upper",B2,8,"Bronze Upper",1600000,#B45309,144,28
2,B2-09,BRONZE,"Bronze Seat — Upper",B2,9,"Bronze Upper",1600000,#B45309,162,28
2,B2-10,BRONZE,"Bronze Seat — Upper",B2,10,"Bronze Upper",1600000,#B45309,180,28
2,B2-11,BRONZE,"Bronze Seat — Upper",B2,11,"Bronze Upper",1600000,#B45309,198,28
2,B2-12,BRONZE,"Bronze Seat — Upper",B2,12,"Bronze Upper",1600000,#B45309,216,28
2,B2-13,BRONZE,"Bronze Seat — Upper",B2,13,"Bronze Upper",1600000,#B45309,234,28
2,B2-14,BRONZE,"Bronze Seat — Upper",B2,14,"Bronze Upper",1600000,#B45309,252,28
2,B2-15,BRONZE,"Bronze Seat — Upper",B2,15,"Bronze Upper",1600000,#B45309,270,28
2,B2-16,BRONZE,"Bronze Seat — Upper",B2,16,"Bronze Upper",1600000,#B45309,288,28
2,B2-17,BRONZE,"Bronze Seat — Upper",B2,17,"Bronze Upper",1600000,#B45309,306,28
2,B2-18,BRONZE,"Bronze Seat — Upper",B2,18,"Bronze Upper",1600000,#B45309,324,28
2,B2-19,BRONZE,"Bronze Seat — Upper",B2,19,"Bronze Upper",1600000,#B45309,342,28
2,B2-20,BRONZE,"Bronze Seat — Upper",B2,20,"Bronze Upper",1600000,#B45309,360,28
2,B3-01,BRONZE,"Bronze Seat — Upper",B3,1,"Bronze Upper",1600000,#B45309,18,56
2,B3-02,BRONZE,"Bronze Seat — Upper",B3,2,"Bronze Upper",1600000,#B45309,36,56
2,B3-03,BRONZE,"Bronze Seat — Upper",B3,3,"Bronze Upper",1600000,#B45309,54,56
2,B3-04,BRONZE,"Bronze Seat — Upper",B3,4,"Bronze Upper",1600000,#B45309,72,56
2,B3-05,BRONZE,"Bronze Seat — Upper",B3,5,"Bronze Upper",1600000,#B45309,90,56
2,B3-06,BRONZE,"Bronze Seat — Upper",B3,6,"Bronze Upper",1600000,#B45309,108,56
2,B3-07,BRONZE,"Bronze Seat — Upper",B3,7,"Bronze Upper",1600000,#B45309,126,56
2,B3-08,BRONZE,"Bronze Seat — Upper",B3,8,"Bronze Upper",1600000,#B45309,144,56
2,B3-09,BRONZE,"Bronze Seat — Upper",B3,9,"Bronze Upper",1600000,#B45309,162,56
2,B3-10,BRONZE,"Bronze Seat — Upper",B3,10,"Bronze Upper",1600000,#B45309,180,56
2,B3-11,BRONZE,"Bronze Seat — Upper",B3,11,"Bronze Upper",1600000,#B45309,198,56
2,B3-12,BRONZE,"Bronze Seat — Upper",B3,12,"Bronze Upper",1600000,#B45309,216,56
2,B3-13,BRONZE,"Bronze Seat — Upper",B3,13,"Bronze Upper",1600000,#B45309,234,56
2,B3-14,BRONZE,"Bronze Seat — Upper",B3,14,"Bronze Upper",1600000,#B45309,252,56
2,B3-15,BRONZE,"Bronze Seat — Upper",B3,15,"Bronze Upper",1600000,#B45309,270,56
2,B3-16,BRONZE,"Bronze Seat — Upper",B3,16,"Bronze Upper",1600000,#B45309,288,56
2,B3-17,BRONZE,"Bronze Seat — Upper",B3,17,"Bronze Upper",1600000,#B45309,306,56
2,B3-18,BRONZE,"Bronze Seat — Upper",B3,18,"Bronze Upper",1600000,#B45309,324,56
2,B3-19,BRONZE,"Bronze Seat — Upper",B3,19,"Bronze Upper",1600000,#B45309,342,56
2,B3-20,BRONZE,"Bronze Seat — Upper",B3,20,"Bronze Upper",1600000,#B45309,360,56
2,B4-01,BRONZE,"Bronze Seat — Upper",B4,1,"Bronze Upper",1600000,#B45309,18,84
2,B4-02,BRONZE,"Bronze Seat — Upper",B4,2,"Bronze Upper",1600000,#B45309,36,84
2,B4-03,BRONZE,"Bronze Seat — Upper",B4,3,"Bronze Upper",1600000,#B45309,54,84
2,B4-04,BRONZE,"Bronze Seat — Upper",B4,4,"Bronze Upper",1600000,#B45309,72,84
2,B4-05,BRONZE,"Bronze Seat — Upper",B4,5,"Bronze Upper",1600000,#B45309,90,84
2,B4-06,BRONZE,"Bronze Seat — Upper",B4,6,"Bronze Upper",1600000,#B45309,108,84
2,B4-07,BRONZE,"Bronze Seat — Upper",B4,7,"Bronze Upper",1600000,#B45309,126,84
2,B4-08,BRONZE,"Bronze Seat — Upper",B4,8,"Bronze Upper",1600000,#B45309,144,84
2,B4-09,BRONZE,"Bronze Seat — Upper",B4,9,"Bronze Upper",1600000,#B45309,162,84
2,B4-10,BRONZE,"Bronze Seat — Upper",B4,10,"Bronze Upper",1600000,#B45309,180,84
2,B4-11,BRONZE,"Bronze Seat — Upper",B4,11,"Bronze Upper",1600000,#B45309,198,84
2,B4-12,BRONZE,"Bronze Seat — Upper",B4,12,"Bronze Upper",1600000,#B45309,216,84
2,B4-13,BRONZE,"Bronze Seat — Upper",B4,13,"Bronze Upper",1600000,#B45309,234,84
2,B4-14,BRONZE,"Bronze Seat — Upper",B4,14,"Bronze Upper",1600000,#B45309,252,84
2,B4-15,BRONZE,"Bronze Seat — Upper",B4,15,"Bronze Upper",1600000,#B45309,270,84
2,B4-16,BRONZE,"Bronze Seat — Upper",B4,16,"Bronze Upper",1600000,#B45309,288,84
2,B4-17,BRONZE,"Bronze Seat — Upper",B4,17,"Bronze Upper",1600000,#B45309,306,84
2,B4-18,BRONZE,"Bronze Seat — Upper",B4,18,"Bronze Upper",1600000,#B45309,324,84
2,B4-19,BRONZE,"Bronze Seat — Upper",B4,19,"Bronze Upper",1600000,#B45309,342,84
2,B4-20,BRONZE,"Bronze Seat — Upper",B4,20,"Bronze Upper",1600000,#B45309,360,84
2,B5-01,BRONZE,"Bronze Seat — Upper",B5,1,"Bronze Upper",1600000,#B45309,18,112
2,B5-02,BRONZE,"Bronze Seat — Upper",B5,2,"Bronze Upper",1600000,#B45309,36,112
2,B5-03,BRONZE,"Bronze Seat — Upper",B5,3,"Bronze Upper",1600000,#B45309,54,112
2,B5-04,BRONZE,"Bronze Seat — Upper",B5,4,"Bronze Upper",1600000,#B45309,72,112
2,B5-05,BRONZE,"Bronze Seat — Upper",B5,5,"Bronze Upper",1600000,#B45309,90,112
2,B5-06,BRONZE,"Bronze Seat — Upper",B5,6,"Bronze Upper",1600000,#B45309,108,112
2,B5-07,BRONZE,"Bronze Seat — Upper",B5,7,"Bronze Upper",1600000,#B45309,126,112
2,B5-08,BRONZE,"Bronze Seat — Upper",B5,8,"Bronze Upper",1600000,#B45309,144,112
2,B5-09,BRONZE,"Bronze Seat — Upper",B5,9,"Bronze Upper",1600000,#B45309,162,112
2,B5-10,BRONZE,"Bronze Seat — Upper",B5,10,"Bronze Upper",1600000,#B45309,180,112
2,B5-11,BRONZE,"Bronze Seat — Upper",B5,11,"Bronze Upper",1600000,#B45309,198,112
2,B5-12,BRONZE,"Bronze Seat — Upper",B5,12,"Bronze Upper",1600000,#B45309,216,112
2,B5-13,BRONZE,"Bronze Seat — Upper",B5,13,"Bronze Upper",1600000,#B45309,234,112
2,B5-14,BRONZE,"Bronze Seat — Upper",B5,14,"Bronze Upper",1600000,#B45309,252,112
2,B5-15,BRONZE,"Bronze Seat — Upper",B5,15,"Bronze Upper",1600000,#B45309,270,112
2,B5-16,BRONZE,"Bronze Seat — Upper",B5,16,"Bronze Upper",1600000,#B45309,288,112
2,B5-17,BRONZE,"Bronze Seat — Upper",B5,17,"Bronze Upper",1600000,#B45309,306,112
2,B5-18,BRONZE,"Bronze Seat — Upper",B5,18,"Bronze Upper",1600000,#B45309,324,112
2,B5-19,BRONZE,"Bronze Seat — Upper",B5,19,"Bronze Upper",1600000,#B45309,342,112
2,B5-20,BRONZE,"Bronze Seat — Upper",B5,20,"Bronze Upper",1600000,#B45309,360,112
3,PT-001,PIT,"Front Pit Standing",PT,1,"Front Pit Standing",3500000,#F472B6,20,0
3,PT-002,PIT,"Front Pit Standing",PT,2,"Front Pit Standing",3500000,#F472B6,40,0
3,PT-003,PIT,"Front Pit Standing",PT,3,"Front Pit Standing",3500000,#F472B6,60,0
3,PT-004,PIT,"Front Pit Standing",PT,4,"Front Pit Standing",3500000,#F472B6,80,0
3,PT-005,PIT,"Front Pit Standing",PT,5,"Front Pit Standing",3500000,#F472B6,100,0
3,PT-006,PIT,"Front Pit Standing",PT,6,"Front Pit Standing",3500000,#F472B6,120,0
3,PT-007,PIT,"Front Pit Standing",PT,7,"Front Pit Standing",3500000,#F472B6,140,0
3,PT-008,PIT,"Front Pit Standing",PT,8,"Front Pit Standing",3500000,#F472B6,160,0
3,PT-009,PIT,"Front Pit Standing",PT,9,"Front Pit Standing",3500000,#F472B6,180,0
3,PT-010,PIT,"Front Pit Standing",PT,10,"Front Pit Standing",3500000,#F472B6,200,0
3,PT-011,PIT,"Front Pit Standing",PT,11,"Front Pit Standing",3500000,#F472B6,220,0
3,PT-012,PIT,"Front Pit Standing",PT,12,"Front Pit Standing",3500000,#F472B6,240,0
3,PT-013,PIT,"Front Pit Standing",PT,13,"Front Pit Standing",3500000,#F472B6,260,0
3,PT-014,PIT,"Front Pit Standing",PT,14,"Front Pit Standing",3500000,#F472B6,280,0
3,PT-015,PIT,"Front Pit Standing",PT,15,"Front Pit Standing",3500000,#F472B6,300,0
3,PT-016,PIT,"Front Pit Standing",PT,16,"Front Pit Standing",3500000,#F472B6,320,0
3,PT-017,PIT,"Front Pit Standing",PT,17,"Front Pit Standing",3500000,#F472B6,340,0
3,PT-018,PIT,"Front Pit Standing",PT,18,"Front Pit Standing",3500000,#F472B6,360,0
3,PT-019,PIT,"Front Pit Standing",PT,19,"Front Pit Standing",3500000,#F472B6,380,0
3,PT-020,PIT,"Front Pit Standing",PT,20,"Front Pit Standing",3500000,#F472B6,0,0
3,PT-021,PIT,"Front Pit Standing",PT,21,"Front Pit Standing",3500000,#F472B6,20,22
3,PT-022,PIT,"Front Pit Standing",PT,22,"Front Pit Standing",3500000,#F472B6,40,22
3,PT-023,PIT,"Front Pit Standing",PT,23,"Front Pit Standing",3500000,#F472B6,60,22
3,PT-024,PIT,"Front Pit Standing",PT,24,"Front Pit Standing",3500000,#F472B6,80,22
3,PT-025,PIT,"Front Pit Standing",PT,25,"Front Pit Standing",3500000,#F472B6,100,22
3,PT-026,PIT,"Front Pit Standing",PT,26,"Front Pit Standing",3500000,#F472B6,120,22
3,PT-027,PIT,"Front Pit Standing",PT,27,"Front Pit Standing",3500000,#F472B6,140,22
3,PT-028,PIT,"Front Pit Standing",PT,28,"Front Pit Standing",3500000,#F472B6,160,22
3,PT-029,PIT,"Front Pit Standing",PT,29,"Front Pit Standing",3500000,#F472B6,180,22
3,PT-030,PIT,"Front Pit Standing",PT,30,"Front Pit Standing",3500000,#F472B6,200,22
3,PT-031,PIT,"Front Pit Standing",PT,31,"Front Pit Standing",3500000,#F472B6,220,22
3,PT-032,PIT,"Front Pit Standing",PT,32,"Front Pit Standing",3500000,#F472B6,240,22
3,PT-033,PIT,"Front Pit Standing",PT,33,"Front Pit Standing",3500000,#F472B6,260,22
3,PT-034,PIT,"Front Pit Standing",PT,34,"Front Pit Standing",3500000,#F472B6,280,22
3,PT-035,PIT,"Front Pit Standing",PT,35,"Front Pit Standing",3500000,#F472B6,300,22
3,PT-036,PIT,"Front Pit Standing",PT,36,"Front Pit Standing",3500000,#F472B6,320,22
3,PT-037,PIT,"Front Pit Standing",PT,37,"Front Pit Standing",3500000,#F472B6,340,22
3,PT-038,PIT,"Front Pit Standing",PT,38,"Front Pit Standing",3500000,#F472B6,360,22
3,PT-039,PIT,"Front Pit Standing",PT,39,"Front Pit Standing",3500000,#F472B6,380,22
3,PT-040,PIT,"Front Pit Standing",PT,40,"Front Pit Standing",3500000,#F472B6,0,22
3,PT-041,PIT,"Front Pit Standing",PT,41,"Front Pit Standing",3500000,#F472B6,20,44
3,PT-042,PIT,"Front Pit Standing",PT,42,"Front Pit Standing",3500000,#F472B6,40,44
3,PT-043,PIT,"Front Pit Standing",PT,43,"Front Pit Standing",3500000,#F472B6,60,44
3,PT-044,PIT,"Front Pit Standing",PT,44,"Front Pit Standing",3500000,#F472B6,80,44
3,PT-045,PIT,"Front Pit Standing",PT,45,"Front Pit Standing",3500000,#F472B6,100,44
3,PT-046,PIT,"Front Pit Standing",PT,46,"Front Pit Standing",3500000,#F472B6,120,44
3,PT-047,PIT,"Front Pit Standing",PT,47,"Front Pit Standing",3500000,#F472B6,140,44
3,PT-048,PIT,"Front Pit Standing",PT,48,"Front Pit Standing",3500000,#F472B6,160,44
3,PT-049,PIT,"Front Pit Standing",PT,49,"Front Pit Standing",3500000,#F472B6,180,44
3,PT-050,PIT,"Front Pit Standing",PT,50,"Front Pit Standing",3500000,#F472B6,200,44
3,A1-01,A,"Seat A — Center Lower",A1,1,"Seat A Center Lower",2600000,#38BDF8,18,0
3,A1-02,A,"Seat A — Center Lower",A1,2,"Seat A Center Lower",2600000,#38BDF8,36,0
3,A1-03,A,"Seat A — Center Lower",A1,3,"Seat A Center Lower",2600000,#38BDF8,54,0
3,A1-04,A,"Seat A — Center Lower",A1,4,"Seat A Center Lower",2600000,#38BDF8,72,0
3,A1-05,A,"Seat A — Center Lower",A1,5,"Seat A Center Lower",2600000,#38BDF8,90,0
3,A1-06,A,"Seat A — Center Lower",A1,6,"Seat A Center Lower",2600000,#38BDF8,108,0
3,A1-07,A,"Seat A — Center Lower",A1,7,"Seat A Center Lower",2600000,#38BDF8,126,0
3,A1-08,A,"Seat A — Center Lower",A1,8,"Seat A Center Lower",2600000,#38BDF8,144,0
3,A1-09,A,"Seat A — Center Lower",A1,9,"Seat A Center Lower",2600000,#38BDF8,162,0
3,A1-10,A,"Seat A — Center Lower",A1,10,"Seat A Center Lower",2600000,#38BDF8,180,0
3,A1-11,A,"Seat A — Center Lower",A1,11,"Seat A Center Lower",2600000,#38BDF8,198,0
3,A1-12,A,"Seat A — Center Lower",A1,12,"Seat A Center Lower",2600000,#38BDF8,216,0
3,A1-13,A,"Seat A — Center Lower",A1,13,"Seat A Center Lower",2600000,#38BDF8,234,0
3,A1-14,A,"Seat A — Center Lower",A1,14,"Seat A Center Lower",2600000,#38BDF8,252,0
3,A1-15,A,"Seat A — Center Lower",A1,15,"Seat A Center Lower",2600000,#38BDF8,270,0
3,A1-16,A,"Seat A — Center Lower",A1,16,"Seat A Center Lower",2600000,#38BDF8,288,0
3,A1-17,A,"Seat A — Center Lower",A1,17,"Seat A Center Lower",2600000,#38BDF8,306,0
3,A1-18,A,"Seat A — Center Lower",A1,18,"Seat A Center Lower",2600000,#38BDF8,324,0
3,A2-01,A,"Seat A — Center Lower",A2,1,"Seat A Center Lower",2600000,#38BDF8,18,28
3,A2-02,A,"Seat A — Center Lower",A2,2,"Seat A Center Lower",2600000,#38BDF8,36,28
3,A2-03,A,"Seat A — Center Lower",A2,3,"Seat A Center Lower",2600000,#38BDF8,54,28
3,A2-04,A,"Seat A — Center Lower",A2,4,"Seat A Center Lower",2600000,#38BDF8,72,28
3,A2-05,A,"Seat A — Center Lower",A2,5,"Seat A Center Lower",2600000,#38BDF8,90,28
3,A2-06,A,"Seat A — Center Lower",A2,6,"Seat A Center Lower",2600000,#38BDF8,108,28
3,A2-07,A,"Seat A — Center Lower",A2,7,"Seat A Center Lower",2600000,#38BDF8,126,28
3,A2-08,A,"Seat A — Center Lower",A2,8,"Seat A Center Lower",2600000,#38BDF8,144,28
3,A2-09,A,"Seat A — Center Lower",A2,9,"Seat A Center Lower",2600000,#38BDF8,162,28
3,A2-10,A,"Seat A — Center Lower",A2,10,"Seat A Center Lower",2600000,#38BDF8,180,28
3,A2-11,A,"Seat A — Center Lower",A2,11,"Seat A Center Lower",2600000,#38BDF8,198,28
3,A2-12,A,"Seat A — Center Lower",A2,12,"Seat A Center Lower",2600000,#38BDF8,216,28
3,A2-13,A,"Seat A — Center Lower",A2,13,"Seat A Center Lower",2600000,#38BDF8,234,28
3,A2-14,A,"Seat A — Center Lower",A2,14,"Seat A Center Lower",2600000,#38BDF8,252,28
3,A2-15,A,"Seat A — Center Lower",A2,15,"Seat A Center Lower",2600000,#38BDF8,270,28
3,A2-16,A,"Seat A — Center Lower",A2,16,"Seat A Center Lower",2600000,#38BDF8,288,28
3,A2-17,A,"Seat A — Center Lower",A2,17,"Seat A Center Lower",2600000,#38BDF8,306,28
3,A2-18,A,"Seat A — Center Lower",A2,18,"Seat A Center Lower",2600000,#38BDF8,324,28
3,A3-01,A,"Seat A — Center Lower",A3,1,"Seat A Center Lower",2600000,#38BDF8,18,56
3,A3-02,A,"Seat A — Center Lower",A3,2,"Seat A Center Lower",2600000,#38BDF8,36,56
3,A3-03,A,"Seat A — Center Lower",A3,3,"Seat A Center Lower",2600000,#38BDF8,54,56
3,A3-04,A,"Seat A — Center Lower",A3,4,"Seat A Center Lower",2600000,#38BDF8,72,56
3,A3-05,A,"Seat A — Center Lower",A3,5,"Seat A Center Lower",2600000,#38BDF8,90,56
3,A3-06,A,"Seat A — Center Lower",A3,6,"Seat A Center Lower",2600000,#38BDF8,108,56
3,A3-07,A,"Seat A — Center Lower",A3,7,"Seat A Center Lower",2600000,#38BDF8,126,56
3,A3-08,A,"Seat A — Center Lower",A3,8,"Seat A Center Lower",2600000,#38BDF8,144,56
3,A3-09,A,"Seat A — Center Lower",A3,9,"Seat A Center Lower",2600000,#38BDF8,162,56
3,A3-10,A,"Seat A — Center Lower",A3,10,"Seat A Center Lower",2600000,#38BDF8,180,56
3,A3-11,A,"Seat A — Center Lower",A3,11,"Seat A Center Lower",2600000,#38BDF8,198,56
3,A3-12,A,"Seat A — Center Lower",A3,12,"Seat A Center Lower",2600000,#38BDF8,216,56
3,A3-13,A,"Seat A — Center Lower",A3,13,"Seat A Center Lower",2600000,#38BDF8,234,56
3,A3-14,A,"Seat A — Center Lower",A3,14,"Seat A Center Lower",2600000,#38BDF8,252,56
3,A3-15,A,"Seat A — Center Lower",A3,15,"Seat A Center Lower",2600000,#38BDF8,270,56
3,A3-16,A,"Seat A — Center Lower",A3,16,"Seat A Center Lower",2600000,#38BDF8,288,56
3,A3-17,A,"Seat A — Center Lower",A3,17,"Seat A Center Lower",2600000,#38BDF8,306,56
3,A3-18,A,"Seat A — Center Lower",A3,18,"Seat A Center Lower",2600000,#38BDF8,324,56
3,A4-01,A,"Seat A — Center Lower",A4,1,"Seat A Center Lower",2600000,#38BDF8,18,84
3,A4-02,A,"Seat A — Center Lower",A4,2,"Seat A Center Lower",2600000,#38BDF8,36,84
3,A4-03,A,"Seat A — Center Lower",A4,3,"Seat A Center Lower",2600000,#38BDF8,54,84
3,A4-04,A,"Seat A — Center Lower",A4,4,"Seat A Center Lower",2600000,#38BDF8,72,84
3,A4-05,A,"Seat A — Center Lower",A4,5,"Seat A Center Lower",2600000,#38BDF8,90,84
3,A4-06,A,"Seat A — Center Lower",A4,6,"Seat A Center Lower",2600000,#38BDF8,108,84
3,A4-07,A,"Seat A — Center Lower",A4,7,"Seat A Center Lower",2600000,#38BDF8,126,84
3,A4-08,A,"Seat A — Center Lower",A4,8,"Seat A Center Lower",2600000,#38BDF8,144,84
3,A4-09,A,"Seat A — Center Lower",A4,9,"Seat A Center Lower",2600000,#38BDF8,162,84
3,A4-10,A,"Seat A — Center Lower",A4,10,"Seat A Center Lower",2600000,#38BDF8,180,84
3,A4-11,A,"Seat A — Center Lower",A4,11,"Seat A Center Lower",2600000,#38BDF8,198,84
3,A4-12,A,"Seat A — Center Lower",A4,12,"Seat A Center Lower",2600000,#38BDF8,216,84
3,A4-13,A,"Seat A — Center Lower",A4,13,"Seat A Center Lower",2600000,#38BDF8,234,84
3,A4-14,A,"Seat A — Center Lower",A4,14,"Seat A Center Lower",2600000,#38BDF8,252,84
3,A4-15,A,"Seat A — Center Lower",A4,15,"Seat A Center Lower",2600000,#38BDF8,270,84
3,A4-16,A,"Seat A — Center Lower",A4,16,"Seat A Center Lower",2600000,#38BDF8,288,84
3,A4-17,A,"Seat A — Center Lower",A4,17,"Seat A Center Lower",2600000,#38BDF8,306,84
3,A4-18,A,"Seat A — Center Lower",A4,18,"Seat A Center Lower",2600000,#38BDF8,324,84
3,A5-01,A,"Seat A — Center Lower",A5,1,"Seat A Center Lower",2600000,#38BDF8,18,112
3,A5-02,A,"Seat A — Center Lower",A5,2,"Seat A Center Lower",2600000,#38BDF8,36,112
3,A5-03,A,"Seat A — Center Lower",A5,3,"Seat A Center Lower",2600000,#38BDF8,54,112
3,A5-04,A,"Seat A — Center Lower",A5,4,"Seat A Center Lower",2600000,#38BDF8,72,112
3,A5-05,A,"Seat A — Center Lower",A5,5,"Seat A Center Lower",2600000,#38BDF8,90,112
3,A5-06,A,"Seat A — Center Lower",A5,6,"Seat A Center Lower",2600000,#38BDF8,108,112
3,A5-07,A,"Seat A — Center Lower",A5,7,"Seat A Center Lower",2600000,#38BDF8,126,112
3,A5-08,A,"Seat A — Center Lower",A5,8,"Seat A Center Lower",2600000,#38BDF8,144,112
3,A5-09,A,"Seat A — Center Lower",A5,9,"Seat A Center Lower",2600000,#38BDF8,162,112
3,A5-10,A,"Seat A — Center Lower",A5,10,"Seat A Center Lower",2600000,#38BDF8,180,112
3,A5-11,A,"Seat A — Center Lower",A5,11,"Seat A Center Lower",2600000,#38BDF8,198,112
3,A5-12,A,"Seat A — Center Lower",A5,12,"Seat A Center Lower",2600000,#38BDF8,216,112
3,A5-13,A,"Seat A — Center Lower",A5,13,"Seat A Center Lower",2600000,#38BDF8,234,112
3,A5-14,A,"Seat A — Center Lower",A5,14,"Seat A Center Lower",2600000,#38BDF8,252,112
3,A5-15,A,"Seat A — Center Lower",A5,15,"Seat A Center Lower",2600000,#38BDF8,270,112
3,A5-16,A,"Seat A — Center Lower",A5,16,"Seat A Center Lower",2600000,#38BDF8,288,112
3,A5-17,A,"Seat A — Center Lower",A5,17,"Seat A Center Lower",2600000,#38BDF8,306,112
3,A5-18,A,"Seat A — Center Lower",A5,18,"Seat A Center Lower",2600000,#38BDF8,324,112
3,B1-01,B,"Seat B — Side / Rear Lower",B1,1,"Seat B Side/Rear Lower",1900000,#34D399,18,0
3,B1-02,B,"Seat B — Side / Rear Lower",B1,2,"Seat B Side/Rear Lower",1900000,#34D399,36,0
3,B1-03,B,"Seat B — Side / Rear Lower",B1,3,"Seat B Side/Rear Lower",1900000,#34D399,54,0
3,B1-04,B,"Seat B — Side / Rear Lower",B1,4,"Seat B Side/Rear Lower",1900000,#34D399,72,0
3,B1-05,B,"Seat B — Side / Rear Lower",B1,5,"Seat B Side/Rear Lower",1900000,#34D399,90,0
3,B1-06,B,"Seat B — Side / Rear Lower",B1,6,"Seat B Side/Rear Lower",1900000,#34D399,108,0
3,B1-07,B,"Seat B — Side / Rear Lower",B1,7,"Seat B Side/Rear Lower",1900000,#34D399,126,0
3,B1-08,B,"Seat B — Side / Rear Lower",B1,8,"Seat B Side/Rear Lower",1900000,#34D399,144,0
3,B1-09,B,"Seat B — Side / Rear Lower",B1,9,"Seat B Side/Rear Lower",1900000,#34D399,162,0
3,B1-10,B,"Seat B — Side / Rear Lower",B1,10,"Seat B Side/Rear Lower",1900000,#34D399,180,0
3,B1-11,B,"Seat B — Side / Rear Lower",B1,11,"Seat B Side/Rear Lower",1900000,#34D399,198,0
3,B1-12,B,"Seat B — Side / Rear Lower",B1,12,"Seat B Side/Rear Lower",1900000,#34D399,216,0
3,B1-13,B,"Seat B — Side / Rear Lower",B1,13,"Seat B Side/Rear Lower",1900000,#34D399,234,0
3,B1-14,B,"Seat B — Side / Rear Lower",B1,14,"Seat B Side/Rear Lower",1900000,#34D399,252,0
3,B1-15,B,"Seat B — Side / Rear Lower",B1,15,"Seat B Side/Rear Lower",1900000,#34D399,270,0
3,B1-16,B,"Seat B — Side / Rear Lower",B1,16,"Seat B Side/Rear Lower",1900000,#34D399,288,0
3,B1-17,B,"Seat B — Side / Rear Lower",B1,17,"Seat B Side/Rear Lower",1900000,#34D399,306,0
3,B1-18,B,"Seat B — Side / Rear Lower",B1,18,"Seat B Side/Rear Lower",1900000,#34D399,324,0
3,B1-19,B,"Seat B — Side / Rear Lower",B1,19,"Seat B Side/Rear Lower",1900000,#34D399,342,0
3,B1-20,B,"Seat B — Side / Rear Lower",B1,20,"Seat B Side/Rear Lower",1900000,#34D399,360,0
3,B2-01,B,"Seat B — Side / Rear Lower",B2,1,"Seat B Side/Rear Lower",1900000,#34D399,18,28
3,B2-02,B,"Seat B — Side / Rear Lower",B2,2,"Seat B Side/Rear Lower",1900000,#34D399,36,28
3,B2-03,B,"Seat B — Side / Rear Lower",B2,3,"Seat B Side/Rear Lower",1900000,#34D399,54,28
3,B2-04,B,"Seat B — Side / Rear Lower",B2,4,"Seat B Side/Rear Lower",1900000,#34D399,72,28
3,B2-05,B,"Seat B — Side / Rear Lower",B2,5,"Seat B Side/Rear Lower",1900000,#34D399,90,28
3,B2-06,B,"Seat B — Side / Rear Lower",B2,6,"Seat B Side/Rear Lower",1900000,#34D399,108,28
3,B2-07,B,"Seat B — Side / Rear Lower",B2,7,"Seat B Side/Rear Lower",1900000,#34D399,126,28
3,B2-08,B,"Seat B — Side / Rear Lower",B2,8,"Seat B Side/Rear Lower",1900000,#34D399,144,28
3,B2-09,B,"Seat B — Side / Rear Lower",B2,9,"Seat B Side/Rear Lower",1900000,#34D399,162,28
3,B2-10,B,"Seat B — Side / Rear Lower",B2,10,"Seat B Side/Rear Lower",1900000,#34D399,180,28
3,B2-11,B,"Seat B — Side / Rear Lower",B2,11,"Seat B Side/Rear Lower",1900000,#34D399,198,28
3,B2-12,B,"Seat B — Side / Rear Lower",B2,12,"Seat B Side/Rear Lower",1900000,#34D399,216,28
3,B2-13,B,"Seat B — Side / Rear Lower",B2,13,"Seat B Side/Rear Lower",1900000,#34D399,234,28
3,B2-14,B,"Seat B — Side / Rear Lower",B2,14,"Seat B Side/Rear Lower",1900000,#34D399,252,28
3,B2-15,B,"Seat B — Side / Rear Lower",B2,15,"Seat B Side/Rear Lower",1900000,#34D399,270,28
3,B2-16,B,"Seat B — Side / Rear Lower",B2,16,"Seat B Side/Rear Lower",1900000,#34D399,288,28
3,B2-17,B,"Seat B — Side / Rear Lower",B2,17,"Seat B Side/Rear Lower",1900000,#34D399,306,28
3,B2-18,B,"Seat B — Side / Rear Lower",B2,18,"Seat B Side/Rear Lower",1900000,#34D399,324,28
3,B2-19,B,"Seat B — Side / Rear Lower",B2,19,"Seat B Side/Rear Lower",1900000,#34D399,342,28
3,B2-20,B,"Seat B — Side / Rear Lower",B2,20,"Seat B Side/Rear Lower",1900000,#34D399,360,28
3,B3-01,B,"Seat B — Side / Rear Lower",B3,1,"Seat B Side/Rear Lower",1900000,#34D399,18,56
3,B3-02,B,"Seat B — Side / Rear Lower",B3,2,"Seat B Side/Rear Lower",1900000,#34D399,36,56
3,B3-03,B,"Seat B — Side / Rear Lower",B3,3,"Seat B Side/Rear Lower",1900000,#34D399,54,56
3,B3-04,B,"Seat B — Side / Rear Lower",B3,4,"Seat B Side/Rear Lower",1900000,#34D399,72,56
3,B3-05,B,"Seat B — Side / Rear Lower",B3,5,"Seat B Side/Rear Lower",1900000,#34D399,90,56
3,B3-06,B,"Seat B — Side / Rear Lower",B3,6,"Seat B Side/Rear Lower",1900000,#34D399,108,56
3,B3-07,B,"Seat B — Side / Rear Lower",B3,7,"Seat B Side/Rear Lower",1900000,#34D399,126,56
3,B3-08,B,"Seat B — Side / Rear Lower",B3,8,"Seat B Side/Rear Lower",1900000,#34D399,144,56
3,B3-09,B,"Seat B — Side / Rear Lower",B3,9,"Seat B Side/Rear Lower",1900000,#34D399,162,56
3,B3-10,B,"Seat B — Side / Rear Lower",B3,10,"Seat B Side/Rear Lower",1900000,#34D399,180,56
3,B3-11,B,"Seat B — Side / Rear Lower",B3,11,"Seat B Side/Rear Lower",1900000,#34D399,198,56
3,B3-12,B,"Seat B — Side / Rear Lower",B3,12,"Seat B Side/Rear Lower",1900000,#34D399,216,56
3,B3-13,B,"Seat B — Side / Rear Lower",B3,13,"Seat B Side/Rear Lower",1900000,#34D399,234,56
3,B3-14,B,"Seat B — Side / Rear Lower",B3,14,"Seat B Side/Rear Lower",1900000,#34D399,252,56
3,B3-15,B,"Seat B — Side / Rear Lower",B3,15,"Seat B Side/Rear Lower",1900000,#34D399,270,56
3,B3-16,B,"Seat B — Side / Rear Lower",B3,16,"Seat B Side/Rear Lower",1900000,#34D399,288,56
3,B3-17,B,"Seat B — Side / Rear Lower",B3,17,"Seat B Side/Rear Lower",1900000,#34D399,306,56
3,B3-18,B,"Seat B — Side / Rear Lower",B3,18,"Seat B Side/Rear Lower",1900000,#34D399,324,56
3,B3-19,B,"Seat B — Side / Rear Lower",B3,19,"Seat B Side/Rear Lower",1900000,#34D399,342,56
3,B3-20,B,"Seat B — Side / Rear Lower",B3,20,"Seat B Side/Rear Lower",1900000,#34D399,360,56
3,B4-01,B,"Seat B — Side / Rear Lower",B4,1,"Seat B Side/Rear Lower",1900000,#34D399,18,84
3,B4-02,B,"Seat B — Side / Rear Lower",B4,2,"Seat B Side/Rear Lower",1900000,#34D399,36,84
3,B4-03,B,"Seat B — Side / Rear Lower",B4,3,"Seat B Side/Rear Lower",1900000,#34D399,54,84
3,B4-04,B,"Seat B — Side / Rear Lower",B4,4,"Seat B Side/Rear Lower",1900000,#34D399,72,84
3,B4-05,B,"Seat B — Side / Rear Lower",B4,5,"Seat B Side/Rear Lower",1900000,#34D399,90,84
3,B4-06,B,"Seat B — Side / Rear Lower",B4,6,"Seat B Side/Rear Lower",1900000,#34D399,108,84
3,B4-07,B,"Seat B — Side / Rear Lower",B4,7,"Seat B Side/Rear Lower",1900000,#34D399,126,84
3,B4-08,B,"Seat B — Side / Rear Lower",B4,8,"Seat B Side/Rear Lower",1900000,#34D399,144,84
3,B4-09,B,"Seat B — Side / Rear Lower",B4,9,"Seat B Side/Rear Lower",1900000,#34D399,162,84
3,B4-10,B,"Seat B — Side / Rear Lower",B4,10,"Seat B Side/Rear Lower",1900000,#34D399,180,84
3,B4-11,B,"Seat B — Side / Rear Lower",B4,11,"Seat B Side/Rear Lower",1900000,#34D399,198,84
3,B4-12,B,"Seat B — Side / Rear Lower",B4,12,"Seat B Side/Rear Lower",1900000,#34D399,216,84
3,B4-13,B,"Seat B — Side / Rear Lower",B4,13,"Seat B Side/Rear Lower",1900000,#34D399,234,84
3,B4-14,B,"Seat B — Side / Rear Lower",B4,14,"Seat B Side/Rear Lower",1900000,#34D399,252,84
3,B4-15,B,"Seat B — Side / Rear Lower",B4,15,"Seat B Side/Rear Lower",1900000,#34D399,270,84
3,B4-16,B,"Seat B — Side / Rear Lower",B4,16,"Seat B Side/Rear Lower",1900000,#34D399,288,84
3,B4-17,B,"Seat B — Side / Rear Lower",B4,17,"Seat B Side/Rear Lower",1900000,#34D399,306,84
3,B4-18,B,"Seat B — Side / Rear Lower",B4,18,"Seat B Side/Rear Lower",1900000,#34D399,324,84
3,B4-19,B,"Seat B — Side / Rear Lower",B4,19,"Seat B Side/Rear Lower",1900000,#34D399,342,84
3,B4-20,B,"Seat B — Side / Rear Lower",B4,20,"Seat B Side/Rear Lower",1900000,#34D399,360,84
3,B5-01,B,"Seat B — Side / Rear Lower",B5,1,"Seat B Side/Rear Lower",1900000,#34D399,18,112
3,B5-02,B,"Seat B — Side / Rear Lower",B5,2,"Seat B Side/Rear Lower",1900000,#34D399,36,112
3,B5-03,B,"Seat B — Side / Rear Lower",B5,3,"Seat B Side/Rear Lower",1900000,#34D399,54,112
3,B5-04,B,"Seat B — Side / Rear Lower",B5,4,"Seat B Side/Rear Lower",1900000,#34D399,72,112
3,B5-05,B,"Seat B — Side / Rear Lower",B5,5,"Seat B Side/Rear Lower",1900000,#34D399,90,112
3,B5-06,B,"Seat B — Side / Rear Lower",B5,6,"Seat B Side/Rear Lower",1900000,#34D399,108,112
3,B5-07,B,"Seat B — Side / Rear Lower",B5,7,"Seat B Side/Rear Lower",1900000,#34D399,126,112
3,B5-08,B,"Seat B — Side / Rear Lower",B5,8,"Seat B Side/Rear Lower",1900000,#34D399,144,112
3,B5-09,B,"Seat B — Side / Rear Lower",B5,9,"Seat B Side/Rear Lower",1900000,#34D399,162,112
3,B5-10,B,"Seat B — Side / Rear Lower",B5,10,"Seat B Side/Rear Lower",1900000,#34D399,180,112
3,B5-11,B,"Seat B — Side / Rear Lower",B5,11,"Seat B Side/Rear Lower",1900000,#34D399,198,112
3,B5-12,B,"Seat B — Side / Rear Lower",B5,12,"Seat B Side/Rear Lower",1900000,#34D399,216,112
3,B5-13,B,"Seat B — Side / Rear Lower",B5,13,"Seat B Side/Rear Lower",1900000,#34D399,234,112
3,B5-14,B,"Seat B — Side / Rear Lower",B5,14,"Seat B Side/Rear Lower",1900000,#34D399,252,112
3,B5-15,B,"Seat B — Side / Rear Lower",B5,15,"Seat B Side/Rear Lower",1900000,#34D399,270,112
3,B5-16,B,"Seat B — Side / Rear Lower",B5,16,"Seat B Side/Rear Lower",1900000,#34D399,288,112
3,B5-17,B,"Seat B — Side / Rear Lower",B5,17,"Seat B Side/Rear Lower",1900000,#34D399,306,112
3,B5-18,B,"Seat B — Side / Rear Lower",B5,18,"Seat B Side/Rear Lower",1900000,#34D399,324,112
3,B5-19,B,"Seat B — Side / Rear Lower",B5,19,"Seat B Side/Rear Lower",1900000,#34D399,342,112
3,B5-20,B,"Seat B — Side / Rear Lower",B5,20,"Seat B Side/Rear Lower",1900000,#34D399,360,112
3,C1-01,C,"Seat C — Upper Bowl",C1,1,"Seat C Upper Bowl",1400000,#A78BFA,18,0
3,C1-02,C,"Seat C — Upper Bowl",C1,2,"Seat C Upper Bowl",1400000,#A78BFA,36,0
3,C1-03,C,"Seat C — Upper Bowl",C1,3,"Seat C Upper Bowl",1400000,#A78BFA,54,0
3,C1-04,C,"Seat C — Upper Bowl",C1,4,"Seat C Upper Bowl",1400000,#A78BFA,72,0
3,C1-05,C,"Seat C — Upper Bowl",C1,5,"Seat C Upper Bowl",1400000,#A78BFA,90,0
3,C1-06,C,"Seat C — Upper Bowl",C1,6,"Seat C Upper Bowl",1400000,#A78BFA,108,0
3,C1-07,C,"Seat C — Upper Bowl",C1,7,"Seat C Upper Bowl",1400000,#A78BFA,126,0
3,C1-08,C,"Seat C — Upper Bowl",C1,8,"Seat C Upper Bowl",1400000,#A78BFA,144,0
3,C1-09,C,"Seat C — Upper Bowl",C1,9,"Seat C Upper Bowl",1400000,#A78BFA,162,0
3,C1-10,C,"Seat C — Upper Bowl",C1,10,"Seat C Upper Bowl",1400000,#A78BFA,180,0
3,C1-11,C,"Seat C — Upper Bowl",C1,11,"Seat C Upper Bowl",1400000,#A78BFA,198,0
3,C1-12,C,"Seat C — Upper Bowl",C1,12,"Seat C Upper Bowl",1400000,#A78BFA,216,0
3,C1-13,C,"Seat C — Upper Bowl",C1,13,"Seat C Upper Bowl",1400000,#A78BFA,234,0
3,C1-14,C,"Seat C — Upper Bowl",C1,14,"Seat C Upper Bowl",1400000,#A78BFA,252,0
3,C1-15,C,"Seat C — Upper Bowl",C1,15,"Seat C Upper Bowl",1400000,#A78BFA,270,0
3,C1-16,C,"Seat C — Upper Bowl",C1,16,"Seat C Upper Bowl",1400000,#A78BFA,288,0
3,C1-17,C,"Seat C — Upper Bowl",C1,17,"Seat C Upper Bowl",1400000,#A78BFA,306,0
3,C1-18,C,"Seat C — Upper Bowl",C1,18,"Seat C Upper Bowl",1400000,#A78BFA,324,0
3,C1-19,C,"Seat C — Upper Bowl",C1,19,"Seat C Upper Bowl",1400000,#A78BFA,342,0
3,C1-20,C,"Seat C — Upper Bowl",C1,20,"Seat C Upper Bowl",1400000,#A78BFA,360,0
3,C2-01,C,"Seat C — Upper Bowl",C2,1,"Seat C Upper Bowl",1400000,#A78BFA,18,28
3,C2-02,C,"Seat C — Upper Bowl",C2,2,"Seat C Upper Bowl",1400000,#A78BFA,36,28
3,C2-03,C,"Seat C — Upper Bowl",C2,3,"Seat C Upper Bowl",1400000,#A78BFA,54,28
3,C2-04,C,"Seat C — Upper Bowl",C2,4,"Seat C Upper Bowl",1400000,#A78BFA,72,28
3,C2-05,C,"Seat C — Upper Bowl",C2,5,"Seat C Upper Bowl",1400000,#A78BFA,90,28
3,C2-06,C,"Seat C — Upper Bowl",C2,6,"Seat C Upper Bowl",1400000,#A78BFA,108,28
3,C2-07,C,"Seat C — Upper Bowl",C2,7,"Seat C Upper Bowl",1400000,#A78BFA,126,28
3,C2-08,C,"Seat C — Upper Bowl",C2,8,"Seat C Upper Bowl",1400000,#A78BFA,144,28
3,C2-09,C,"Seat C — Upper Bowl",C2,9,"Seat C Upper Bowl",1400000,#A78BFA,162,28
3,C2-10,C,"Seat C — Upper Bowl",C2,10,"Seat C Upper Bowl",1400000,#A78BFA,180,28
3,C2-11,C,"Seat C — Upper Bowl",C2,11,"Seat C Upper Bowl",1400000,#A78BFA,198,28
3,C2-12,C,"Seat C — Upper Bowl",C2,12,"Seat C Upper Bowl",1400000,#A78BFA,216,28
3,C2-13,C,"Seat C — Upper Bowl",C2,13,"Seat C Upper Bowl",1400000,#A78BFA,234,28
3,C2-14,C,"Seat C — Upper Bowl",C2,14,"Seat C Upper Bowl",1400000,#A78BFA,252,28
3,C2-15,C,"Seat C — Upper Bowl",C2,15,"Seat C Upper Bowl",1400000,#A78BFA,270,28
3,C2-16,C,"Seat C — Upper Bowl",C2,16,"Seat C Upper Bowl",1400000,#A78BFA,288,28
3,C2-17,C,"Seat C — Upper Bowl",C2,17,"Seat C Upper Bowl",1400000,#A78BFA,306,28
3,C2-18,C,"Seat C — Upper Bowl",C2,18,"Seat C Upper Bowl",1400000,#A78BFA,324,28
3,C2-19,C,"Seat C — Upper Bowl",C2,19,"Seat C Upper Bowl",1400000,#A78BFA,342,28
3,C2-20,C,"Seat C — Upper Bowl",C2,20,"Seat C Upper Bowl",1400000,#A78BFA,360,28
3,C3-01,C,"Seat C — Upper Bowl",C3,1,"Seat C Upper Bowl",1400000,#A78BFA,18,56
3,C3-02,C,"Seat C — Upper Bowl",C3,2,"Seat C Upper Bowl",1400000,#A78BFA,36,56
3,C3-03,C,"Seat C — Upper Bowl",C3,3,"Seat C Upper Bowl",1400000,#A78BFA,54,56
3,C3-04,C,"Seat C — Upper Bowl",C3,4,"Seat C Upper Bowl",1400000,#A78BFA,72,56
3,C3-05,C,"Seat C — Upper Bowl",C3,5,"Seat C Upper Bowl",1400000,#A78BFA,90,56
3,C3-06,C,"Seat C — Upper Bowl",C3,6,"Seat C Upper Bowl",1400000,#A78BFA,108,56
3,C3-07,C,"Seat C — Upper Bowl",C3,7,"Seat C Upper Bowl",1400000,#A78BFA,126,56
3,C3-08,C,"Seat C — Upper Bowl",C3,8,"Seat C Upper Bowl",1400000,#A78BFA,144,56
3,C3-09,C,"Seat C — Upper Bowl",C3,9,"Seat C Upper Bowl",1400000,#A78BFA,162,56
3,C3-10,C,"Seat C — Upper Bowl",C3,10,"Seat C Upper Bowl",1400000,#A78BFA,180,56
3,C3-11,C,"Seat C — Upper Bowl",C3,11,"Seat C Upper Bowl",1400000,#A78BFA,198,56
3,C3-12,C,"Seat C — Upper Bowl",C3,12,"Seat C Upper Bowl",1400000,#A78BFA,216,56
3,C3-13,C,"Seat C — Upper Bowl",C3,13,"Seat C Upper Bowl",1400000,#A78BFA,234,56
3,C3-14,C,"Seat C — Upper Bowl",C3,14,"Seat C Upper Bowl",1400000,#A78BFA,252,56
3,C3-15,C,"Seat C — Upper Bowl",C3,15,"Seat C Upper Bowl",1400000,#A78BFA,270,56
3,C3-16,C,"Seat C — Upper Bowl",C3,16,"Seat C Upper Bowl",1400000,#A78BFA,288,56
3,C3-17,C,"Seat C — Upper Bowl",C3,17,"Seat C Upper Bowl",1400000,#A78BFA,306,56
3,C3-18,C,"Seat C — Upper Bowl",C3,18,"Seat C Upper Bowl",1400000,#A78BFA,324,56
3,C3-19,C,"Seat C — Upper Bowl",C3,19,"Seat C Upper Bowl",1400000,#A78BFA,342,56
3,C3-20,C,"Seat C — Upper Bowl",C3,20,"Seat C Upper Bowl",1400000,#A78BFA,360,56
4,R1-01,R,"R Seat — Stage Side Premium",R1,1,"R Premium Stage Side",3300000,#F43F5E,18,0
4,R1-02,R,"R Seat — Stage Side Premium",R1,2,"R Premium Stage Side",3300000,#F43F5E,36,0
4,R1-03,R,"R Seat — Stage Side Premium",R1,3,"R Premium Stage Side",3300000,#F43F5E,54,0
4,R1-04,R,"R Seat — Stage Side Premium",R1,4,"R Premium Stage Side",3300000,#F43F5E,72,0
4,R1-05,R,"R Seat — Stage Side Premium",R1,5,"R Premium Stage Side",3300000,#F43F5E,90,0
4,R1-06,R,"R Seat — Stage Side Premium",R1,6,"R Premium Stage Side",3300000,#F43F5E,108,0
4,R1-07,R,"R Seat — Stage Side Premium",R1,7,"R Premium Stage Side",3300000,#F43F5E,126,0
4,R1-08,R,"R Seat — Stage Side Premium",R1,8,"R Premium Stage Side",3300000,#F43F5E,144,0
4,R1-09,R,"R Seat — Stage Side Premium",R1,9,"R Premium Stage Side",3300000,#F43F5E,162,0
4,R1-10,R,"R Seat — Stage Side Premium",R1,10,"R Premium Stage Side",3300000,#F43F5E,180,0
4,R1-11,R,"R Seat — Stage Side Premium",R1,11,"R Premium Stage Side",3300000,#F43F5E,198,0
4,R1-12,R,"R Seat — Stage Side Premium",R1,12,"R Premium Stage Side",3300000,#F43F5E,216,0
4,R1-13,R,"R Seat — Stage Side Premium",R1,13,"R Premium Stage Side",3300000,#F43F5E,234,0
4,R1-14,R,"R Seat — Stage Side Premium",R1,14,"R Premium Stage Side",3300000,#F43F5E,252,0
4,R1-15,R,"R Seat — Stage Side Premium",R1,15,"R Premium Stage Side",3300000,#F43F5E,270,0
4,R1-16,R,"R Seat — Stage Side Premium",R1,16,"R Premium Stage Side",3300000,#F43F5E,288,0
4,R1-17,R,"R Seat — Stage Side Premium",R1,17,"R Premium Stage Side",3300000,#F43F5E,306,0
4,R1-18,R,"R Seat — Stage Side Premium",R1,18,"R Premium Stage Side",3300000,#F43F5E,324,0
4,R1-19,R,"R Seat — Stage Side Premium",R1,19,"R Premium Stage Side",3300000,#F43F5E,342,0
4,R1-20,R,"R Seat — Stage Side Premium",R1,20,"R Premium Stage Side",3300000,#F43F5E,360,0
4,R2-01,R,"R Seat — Stage Side Premium",R2,1,"R Premium Stage Side",3300000,#F43F5E,18,28
4,R2-02,R,"R Seat — Stage Side Premium",R2,2,"R Premium Stage Side",3300000,#F43F5E,36,28
4,R2-03,R,"R Seat — Stage Side Premium",R2,3,"R Premium Stage Side",3300000,#F43F5E,54,28
4,R2-04,R,"R Seat — Stage Side Premium",R2,4,"R Premium Stage Side",3300000,#F43F5E,72,28
4,R2-05,R,"R Seat — Stage Side Premium",R2,5,"R Premium Stage Side",3300000,#F43F5E,90,28
4,R2-06,R,"R Seat — Stage Side Premium",R2,6,"R Premium Stage Side",3300000,#F43F5E,108,28
4,R2-07,R,"R Seat — Stage Side Premium",R2,7,"R Premium Stage Side",3300000,#F43F5E,126,28
4,R2-08,R,"R Seat — Stage Side Premium",R2,8,"R Premium Stage Side",3300000,#F43F5E,144,28
4,R2-09,R,"R Seat — Stage Side Premium",R2,9,"R Premium Stage Side",3300000,#F43F5E,162,28
4,R2-10,R,"R Seat — Stage Side Premium",R2,10,"R Premium Stage Side",3300000,#F43F5E,180,28
4,R2-11,R,"R Seat — Stage Side Premium",R2,11,"R Premium Stage Side",3300000,#F43F5E,198,28
4,R2-12,R,"R Seat — Stage Side Premium",R2,12,"R Premium Stage Side",3300000,#F43F5E,216,28
4,R2-13,R,"R Seat — Stage Side Premium",R2,13,"R Premium Stage Side",3300000,#F43F5E,234,28
4,R2-14,R,"R Seat — Stage Side Premium",R2,14,"R Premium Stage Side",3300000,#F43F5E,252,28
4,R2-15,R,"R Seat — Stage Side Premium",R2,15,"R Premium Stage Side",3300000,#F43F5E,270,28
4,R2-16,R,"R Seat — Stage Side Premium",R2,16,"R Premium Stage Side",3300000,#F43F5E,288,28
4,R2-17,R,"R Seat — Stage Side Premium",R2,17,"R Premium Stage Side",3300000,#F43F5E,306,28
4,R2-18,R,"R Seat — Stage Side Premium",R2,18,"R Premium Stage Side",3300000,#F43F5E,324,28
4,R2-19,R,"R Seat — Stage Side Premium",R2,19,"R Premium Stage Side",3300000,#F43F5E,342,28
4,R2-20,R,"R Seat — Stage Side Premium",R2,20,"R Premium Stage Side",3300000,#F43F5E,360,28
4,R3-01,R,"R Seat — Stage Side Premium",R3,1,"R Premium Stage Side",3300000,#F43F5E,18,56
4,R3-02,R,"R Seat — Stage Side Premium",R3,2,"R Premium Stage Side",3300000,#F43F5E,36,56
4,R3-03,R,"R Seat — Stage Side Premium",R3,3,"R Premium Stage Side",3300000,#F43F5E,54,56
4,R3-04,R,"R Seat — Stage Side Premium",R3,4,"R Premium Stage Side",3300000,#F43F5E,72,56
4,R3-05,R,"R Seat — Stage Side Premium",R3,5,"R Premium Stage Side",3300000,#F43F5E,90,56
4,R3-06,R,"R Seat — Stage Side Premium",R3,6,"R Premium Stage Side",3300000,#F43F5E,108,56
4,R3-07,R,"R Seat — Stage Side Premium",R3,7,"R Premium Stage Side",3300000,#F43F5E,126,56
4,R3-08,R,"R Seat — Stage Side Premium",R3,8,"R Premium Stage Side",3300000,#F43F5E,144,56
4,R3-09,R,"R Seat — Stage Side Premium",R3,9,"R Premium Stage Side",3300000,#F43F5E,162,56
4,R3-10,R,"R Seat — Stage Side Premium",R3,10,"R Premium Stage Side",3300000,#F43F5E,180,56
4,R3-11,R,"R Seat — Stage Side Premium",R3,11,"R Premium Stage Side",3300000,#F43F5E,198,56
4,R3-12,R,"R Seat — Stage Side Premium",R3,12,"R Premium Stage Side",3300000,#F43F5E,216,56
4,R3-13,R,"R Seat — Stage Side Premium",R3,13,"R Premium Stage Side",3300000,#F43F5E,234,56
4,R3-14,R,"R Seat — Stage Side Premium",R3,14,"R Premium Stage Side",3300000,#F43F5E,252,56
4,R3-15,R,"R Seat — Stage Side Premium",R3,15,"R Premium Stage Side",3300000,#F43F5E,270,56
4,R3-16,R,"R Seat — Stage Side Premium",R3,16,"R Premium Stage Side",3300000,#F43F5E,288,56
4,R3-17,R,"R Seat — Stage Side Premium",R3,17,"R Premium Stage Side",3300000,#F43F5E,306,56
4,R3-18,R,"R Seat — Stage Side Premium",R3,18,"R Premium Stage Side",3300000,#F43F5E,324,56
4,R3-19,R,"R Seat — Stage Side Premium",R3,19,"R Premium Stage Side",3300000,#F43F5E,342,56
4,R3-20,R,"R Seat — Stage Side Premium",R3,20,"R Premium Stage Side",3300000,#F43F5E,360,56
4,S1-01,S,"S Seat — Center Floor / Lower",S1,1,"S Center Floor / Lower",2500000,#FBBF24,18,0
4,S1-02,S,"S Seat — Center Floor / Lower",S1,2,"S Center Floor / Lower",2500000,#FBBF24,36,0
4,S1-03,S,"S Seat — Center Floor / Lower",S1,3,"S Center Floor / Lower",2500000,#FBBF24,54,0
4,S1-04,S,"S Seat — Center Floor / Lower",S1,4,"S Center Floor / Lower",2500000,#FBBF24,72,0
4,S1-05,S,"S Seat — Center Floor / Lower",S1,5,"S Center Floor / Lower",2500000,#FBBF24,90,0
4,S1-06,S,"S Seat — Center Floor / Lower",S1,6,"S Center Floor / Lower",2500000,#FBBF24,108,0
4,S1-07,S,"S Seat — Center Floor / Lower",S1,7,"S Center Floor / Lower",2500000,#FBBF24,126,0
4,S1-08,S,"S Seat — Center Floor / Lower",S1,8,"S Center Floor / Lower",2500000,#FBBF24,144,0
4,S1-09,S,"S Seat — Center Floor / Lower",S1,9,"S Center Floor / Lower",2500000,#FBBF24,162,0
4,S1-10,S,"S Seat — Center Floor / Lower",S1,10,"S Center Floor / Lower",2500000,#FBBF24,180,0
4,S1-11,S,"S Seat — Center Floor / Lower",S1,11,"S Center Floor / Lower",2500000,#FBBF24,198,0
4,S1-12,S,"S Seat — Center Floor / Lower",S1,12,"S Center Floor / Lower",2500000,#FBBF24,216,0
4,S1-13,S,"S Seat — Center Floor / Lower",S1,13,"S Center Floor / Lower",2500000,#FBBF24,234,0
4,S1-14,S,"S Seat — Center Floor / Lower",S1,14,"S Center Floor / Lower",2500000,#FBBF24,252,0
4,S1-15,S,"S Seat — Center Floor / Lower",S1,15,"S Center Floor / Lower",2500000,#FBBF24,270,0
4,S1-16,S,"S Seat — Center Floor / Lower",S1,16,"S Center Floor / Lower",2500000,#FBBF24,288,0
4,S1-17,S,"S Seat — Center Floor / Lower",S1,17,"S Center Floor / Lower",2500000,#FBBF24,306,0
4,S1-18,S,"S Seat — Center Floor / Lower",S1,18,"S Center Floor / Lower",2500000,#FBBF24,324,0
4,S1-19,S,"S Seat — Center Floor / Lower",S1,19,"S Center Floor / Lower",2500000,#FBBF24,342,0
4,S1-20,S,"S Seat — Center Floor / Lower",S1,20,"S Center Floor / Lower",2500000,#FBBF24,360,0
4,S2-01,S,"S Seat — Center Floor / Lower",S2,1,"S Center Floor / Lower",2500000,#FBBF24,18,28
4,S2-02,S,"S Seat — Center Floor / Lower",S2,2,"S Center Floor / Lower",2500000,#FBBF24,36,28
4,S2-03,S,"S Seat — Center Floor / Lower",S2,3,"S Center Floor / Lower",2500000,#FBBF24,54,28
4,S2-04,S,"S Seat — Center Floor / Lower",S2,4,"S Center Floor / Lower",2500000,#FBBF24,72,28
4,S2-05,S,"S Seat — Center Floor / Lower",S2,5,"S Center Floor / Lower",2500000,#FBBF24,90,28
4,S2-06,S,"S Seat — Center Floor / Lower",S2,6,"S Center Floor / Lower",2500000,#FBBF24,108,28
4,S2-07,S,"S Seat — Center Floor / Lower",S2,7,"S Center Floor / Lower",2500000,#FBBF24,126,28
4,S2-08,S,"S Seat — Center Floor / Lower",S2,8,"S Center Floor / Lower",2500000,#FBBF24,144,28
4,S2-09,S,"S Seat — Center Floor / Lower",S2,9,"S Center Floor / Lower",2500000,#FBBF24,162,28
4,S2-10,S,"S Seat — Center Floor / Lower",S2,10,"S Center Floor / Lower",2500000,#FBBF24,180,28
4,S2-11,S,"S Seat — Center Floor / Lower",S2,11,"S Center Floor / Lower",2500000,#FBBF24,198,28
4,S2-12,S,"S Seat — Center Floor / Lower",S2,12,"S Center Floor / Lower",2500000,#FBBF24,216,28
4,S2-13,S,"S Seat — Center Floor / Lower",S2,13,"S Center Floor / Lower",2500000,#FBBF24,234,28
4,S2-14,S,"S Seat — Center Floor / Lower",S2,14,"S Center Floor / Lower",2500000,#FBBF24,252,28
4,S2-15,S,"S Seat — Center Floor / Lower",S2,15,"S Center Floor / Lower",2500000,#FBBF24,270,28
4,S2-16,S,"S Seat — Center Floor / Lower",S2,16,"S Center Floor / Lower",2500000,#FBBF24,288,28
4,S2-17,S,"S Seat — Center Floor / Lower",S2,17,"S Center Floor / Lower",2500000,#FBBF24,306,28
4,S2-18,S,"S Seat — Center Floor / Lower",S2,18,"S Center Floor / Lower",2500000,#FBBF24,324,28
4,S2-19,S,"S Seat — Center Floor / Lower",S2,19,"S Center Floor / Lower",2500000,#FBBF24,342,28
4,S2-20,S,"S Seat — Center Floor / Lower",S2,20,"S Center Floor / Lower",2500000,#FBBF24,360,28
4,S3-01,S,"S Seat — Center Floor / Lower",S3,1,"S Center Floor / Lower",2500000,#FBBF24,18,56
4,S3-02,S,"S Seat — Center Floor / Lower",S3,2,"S Center Floor / Lower",2500000,#FBBF24,36,56
4,S3-03,S,"S Seat — Center Floor / Lower",S3,3,"S Center Floor / Lower",2500000,#FBBF24,54,56
4,S3-04,S,"S Seat — Center Floor / Lower",S3,4,"S Center Floor / Lower",2500000,#FBBF24,72,56
4,S3-05,S,"S Seat — Center Floor / Lower",S3,5,"S Center Floor / Lower",2500000,#FBBF24,90,56
4,S3-06,S,"S Seat — Center Floor / Lower",S3,6,"S Center Floor / Lower",2500000,#FBBF24,108,56
4,S3-07,S,"S Seat — Center Floor / Lower",S3,7,"S Center Floor / Lower",2500000,#FBBF24,126,56
4,S3-08,S,"S Seat — Center Floor / Lower",S3,8,"S Center Floor / Lower",2500000,#FBBF24,144,56
4,S3-09,S,"S Seat — Center Floor / Lower",S3,9,"S Center Floor / Lower",2500000,#FBBF24,162,56
4,S3-10,S,"S Seat — Center Floor / Lower",S3,10,"S Center Floor / Lower",2500000,#FBBF24,180,56
4,S3-11,S,"S Seat — Center Floor / Lower",S3,11,"S Center Floor / Lower",2500000,#FBBF24,198,56
4,S3-12,S,"S Seat — Center Floor / Lower",S3,12,"S Center Floor / Lower",2500000,#FBBF24,216,56
4,S3-13,S,"S Seat — Center Floor / Lower",S3,13,"S Center Floor / Lower",2500000,#FBBF24,234,56
4,S3-14,S,"S Seat — Center Floor / Lower",S3,14,"S Center Floor / Lower",2500000,#FBBF24,252,56
4,S3-15,S,"S Seat — Center Floor / Lower",S3,15,"S Center Floor / Lower",2500000,#FBBF24,270,56
4,S3-16,S,"S Seat — Center Floor / Lower",S3,16,"S Center Floor / Lower",2500000,#FBBF24,288,56
4,S3-17,S,"S Seat — Center Floor / Lower",S3,17,"S Center Floor / Lower",2500000,#FBBF24,306,56
4,S3-18,S,"S Seat — Center Floor / Lower",S3,18,"S Center Floor / Lower",2500000,#FBBF24,324,56
4,S3-19,S,"S Seat — Center Floor / Lower",S3,19,"S Center Floor / Lower",2500000,#FBBF24,342,56
4,S3-20,S,"S Seat — Center Floor / Lower",S3,20,"S Center Floor / Lower",2500000,#FBBF24,360,56
4,S4-01,S,"S Seat — Center Floor / Lower",S4,1,"S Center Floor / Lower",2500000,#FBBF24,18,84
4,S4-02,S,"S Seat — Center Floor / Lower",S4,2,"S Center Floor / Lower",2500000,#FBBF24,36,84
4,S4-03,S,"S Seat — Center Floor / Lower",S4,3,"S Center Floor / Lower",2500000,#FBBF24,54,84
4,S4-04,S,"S Seat — Center Floor / Lower",S4,4,"S Center Floor / Lower",2500000,#FBBF24,72,84
4,S4-05,S,"S Seat — Center Floor / Lower",S4,5,"S Center Floor / Lower",2500000,#FBBF24,90,84
4,S4-06,S,"S Seat — Center Floor / Lower",S4,6,"S Center Floor / Lower",2500000,#FBBF24,108,84
4,S4-07,S,"S Seat — Center Floor / Lower",S4,7,"S Center Floor / Lower",2500000,#FBBF24,126,84
4,S4-08,S,"S Seat — Center Floor / Lower",S4,8,"S Center Floor / Lower",2500000,#FBBF24,144,84
4,S4-09,S,"S Seat — Center Floor / Lower",S4,9,"S Center Floor / Lower",2500000,#FBBF24,162,84
4,S4-10,S,"S Seat — Center Floor / Lower",S4,10,"S Center Floor / Lower",2500000,#FBBF24,180,84
4,S4-11,S,"S Seat — Center Floor / Lower",S4,11,"S Center Floor / Lower",2500000,#FBBF24,198,84
4,S4-12,S,"S Seat — Center Floor / Lower",S4,12,"S Center Floor / Lower",2500000,#FBBF24,216,84
4,S4-13,S,"S Seat — Center Floor / Lower",S4,13,"S Center Floor / Lower",2500000,#FBBF24,234,84
4,S4-14,S,"S Seat — Center Floor / Lower",S4,14,"S Center Floor / Lower",2500000,#FBBF24,252,84
4,S4-15,S,"S Seat — Center Floor / Lower",S4,15,"S Center Floor / Lower",2500000,#FBBF24,270,84
4,S4-16,S,"S Seat — Center Floor / Lower",S4,16,"S Center Floor / Lower",2500000,#FBBF24,288,84
4,S4-17,S,"S Seat — Center Floor / Lower",S4,17,"S Center Floor / Lower",2500000,#FBBF24,306,84
4,S4-18,S,"S Seat — Center Floor / Lower",S4,18,"S Center Floor / Lower",2500000,#FBBF24,324,84
4,S4-19,S,"S Seat — Center Floor / Lower",S4,19,"S Center Floor / Lower",2500000,#FBBF24,342,84
4,S4-20,S,"S Seat — Center Floor / Lower",S4,20,"S Center Floor / Lower",2500000,#FBBF24,360,84
4,S5-01,S,"S Seat — Center Floor / Lower",S5,1,"S Center Floor / Lower",2500000,#FBBF24,18,112
4,S5-02,S,"S Seat — Center Floor / Lower",S5,2,"S Center Floor / Lower",2500000,#FBBF24,36,112
4,S5-03,S,"S Seat — Center Floor / Lower",S5,3,"S Center Floor / Lower",2500000,#FBBF24,54,112
4,S5-04,S,"S Seat — Center Floor / Lower",S5,4,"S Center Floor / Lower",2500000,#FBBF24,72,112
4,S5-05,S,"S Seat — Center Floor / Lower",S5,5,"S Center Floor / Lower",2500000,#FBBF24,90,112
4,S5-06,S,"S Seat — Center Floor / Lower",S5,6,"S Center Floor / Lower",2500000,#FBBF24,108,112
4,S5-07,S,"S Seat — Center Floor / Lower",S5,7,"S Center Floor / Lower",2500000,#FBBF24,126,112
4,S5-08,S,"S Seat — Center Floor / Lower",S5,8,"S Center Floor / Lower",2500000,#FBBF24,144,112
4,S5-09,S,"S Seat — Center Floor / Lower",S5,9,"S Center Floor / Lower",2500000,#FBBF24,162,112
4,S5-10,S,"S Seat — Center Floor / Lower",S5,10,"S Center Floor / Lower",2500000,#FBBF24,180,112
4,S5-11,S,"S Seat — Center Floor / Lower",S5,11,"S Center Floor / Lower",2500000,#FBBF24,198,112
4,S5-12,S,"S Seat — Center Floor / Lower",S5,12,"S Center Floor / Lower",2500000,#FBBF24,216,112
4,S5-13,S,"S Seat — Center Floor / Lower",S5,13,"S Center Floor / Lower",2500000,#FBBF24,234,112
4,S5-14,S,"S Seat — Center Floor / Lower",S5,14,"S Center Floor / Lower",2500000,#FBBF24,252,112
4,S5-15,S,"S Seat — Center Floor / Lower",S5,15,"S Center Floor / Lower",2500000,#FBBF24,270,112
4,S5-16,S,"S Seat — Center Floor / Lower",S5,16,"S Center Floor / Lower",2500000,#FBBF24,288,112
4,S5-17,S,"S Seat — Center Floor / Lower",S5,17,"S Center Floor / Lower",2500000,#FBBF24,306,112
4,S5-18,S,"S Seat — Center Floor / Lower",S5,18,"S Center Floor / Lower",2500000,#FBBF24,324,112
4,S5-19,S,"S Seat — Center Floor / Lower",S5,19,"S Center Floor / Lower",2500000,#FBBF24,342,112
4,S5-20,S,"S Seat — Center Floor / Lower",S5,20,"S Center Floor / Lower",2500000,#FBBF24,360,112
4,U1-01,A,"A Seat — Upper / Side",U1,1,"A Seat Upper / Side Jamsil",1700000,#60A5FA,18,0
4,U1-02,A,"A Seat — Upper / Side",U1,2,"A Seat Upper / Side Jamsil",1700000,#60A5FA,36,0
4,U1-03,A,"A Seat — Upper / Side",U1,3,"A Seat Upper / Side Jamsil",1700000,#60A5FA,54,0
4,U1-04,A,"A Seat — Upper / Side",U1,4,"A Seat Upper / Side Jamsil",1700000,#60A5FA,72,0
4,U1-05,A,"A Seat — Upper / Side",U1,5,"A Seat Upper / Side Jamsil",1700000,#60A5FA,90,0
4,U1-06,A,"A Seat — Upper / Side",U1,6,"A Seat Upper / Side Jamsil",1700000,#60A5FA,108,0
4,U1-07,A,"A Seat — Upper / Side",U1,7,"A Seat Upper / Side Jamsil",1700000,#60A5FA,126,0
4,U1-08,A,"A Seat — Upper / Side",U1,8,"A Seat Upper / Side Jamsil",1700000,#60A5FA,144,0
4,U1-09,A,"A Seat — Upper / Side",U1,9,"A Seat Upper / Side Jamsil",1700000,#60A5FA,162,0
4,U1-10,A,"A Seat — Upper / Side",U1,10,"A Seat Upper / Side Jamsil",1700000,#60A5FA,180,0
4,U1-11,A,"A Seat — Upper / Side",U1,11,"A Seat Upper / Side Jamsil",1700000,#60A5FA,198,0
4,U1-12,A,"A Seat — Upper / Side",U1,12,"A Seat Upper / Side Jamsil",1700000,#60A5FA,216,0
4,U1-13,A,"A Seat — Upper / Side",U1,13,"A Seat Upper / Side Jamsil",1700000,#60A5FA,234,0
4,U1-14,A,"A Seat — Upper / Side",U1,14,"A Seat Upper / Side Jamsil",1700000,#60A5FA,252,0
4,U1-15,A,"A Seat — Upper / Side",U1,15,"A Seat Upper / Side Jamsil",1700000,#60A5FA,270,0
4,U1-16,A,"A Seat — Upper / Side",U1,16,"A Seat Upper / Side Jamsil",1700000,#60A5FA,288,0
4,U1-17,A,"A Seat — Upper / Side",U1,17,"A Seat Upper / Side Jamsil",1700000,#60A5FA,306,0
4,U1-18,A,"A Seat — Upper / Side",U1,18,"A Seat Upper / Side Jamsil",1700000,#60A5FA,324,0
4,U1-19,A,"A Seat — Upper / Side",U1,19,"A Seat Upper / Side Jamsil",1700000,#60A5FA,342,0
4,U1-20,A,"A Seat — Upper / Side",U1,20,"A Seat Upper / Side Jamsil",1700000,#60A5FA,360,0
4,U2-01,A,"A Seat — Upper / Side",U2,1,"A Seat Upper / Side Jamsil",1700000,#60A5FA,18,28
4,U2-02,A,"A Seat — Upper / Side",U2,2,"A Seat Upper / Side Jamsil",1700000,#60A5FA,36,28
4,U2-03,A,"A Seat — Upper / Side",U2,3,"A Seat Upper / Side Jamsil",1700000,#60A5FA,54,28
4,U2-04,A,"A Seat — Upper / Side",U2,4,"A Seat Upper / Side Jamsil",1700000,#60A5FA,72,28
4,U2-05,A,"A Seat — Upper / Side",U2,5,"A Seat Upper / Side Jamsil",1700000,#60A5FA,90,28
4,U2-06,A,"A Seat — Upper / Side",U2,6,"A Seat Upper / Side Jamsil",1700000,#60A5FA,108,28
4,U2-07,A,"A Seat — Upper / Side",U2,7,"A Seat Upper / Side Jamsil",1700000,#60A5FA,126,28
4,U2-08,A,"A Seat — Upper / Side",U2,8,"A Seat Upper / Side Jamsil",1700000,#60A5FA,144,28
4,U2-09,A,"A Seat — Upper / Side",U2,9,"A Seat Upper / Side Jamsil",1700000,#60A5FA,162,28
4,U2-10,A,"A Seat — Upper / Side",U2,10,"A Seat Upper / Side Jamsil",1700000,#60A5FA,180,28
4,U2-11,A,"A Seat — Upper / Side",U2,11,"A Seat Upper / Side Jamsil",1700000,#60A5FA,198,28
4,U2-12,A,"A Seat — Upper / Side",U2,12,"A Seat Upper / Side Jamsil",1700000,#60A5FA,216,28
4,U2-13,A,"A Seat — Upper / Side",U2,13,"A Seat Upper / Side Jamsil",1700000,#60A5FA,234,28
4,U2-14,A,"A Seat — Upper / Side",U2,14,"A Seat Upper / Side Jamsil",1700000,#60A5FA,252,28
4,U2-15,A,"A Seat — Upper / Side",U2,15,"A Seat Upper / Side Jamsil",1700000,#60A5FA,270,28
4,U2-16,A,"A Seat — Upper / Side",U2,16,"A Seat Upper / Side Jamsil",1700000,#60A5FA,288,28
4,U2-17,A,"A Seat — Upper / Side",U2,17,"A Seat Upper / Side Jamsil",1700000,#60A5FA,306,28
4,U2-18,A,"A Seat — Upper / Side",U2,18,"A Seat Upper / Side Jamsil",1700000,#60A5FA,324,28
4,U2-19,A,"A Seat — Upper / Side",U2,19,"A Seat Upper / Side Jamsil",1700000,#60A5FA,342,28
4,U2-20,A,"A Seat — Upper / Side",U2,20,"A Seat Upper / Side Jamsil",1700000,#60A5FA,360,28
4,U3-01,A,"A Seat — Upper / Side",U3,1,"A Seat Upper / Side Jamsil",1700000,#60A5FA,18,56
4,U3-02,A,"A Seat — Upper / Side",U3,2,"A Seat Upper / Side Jamsil",1700000,#60A5FA,36,56
4,U3-03,A,"A Seat — Upper / Side",U3,3,"A Seat Upper / Side Jamsil",1700000,#60A5FA,54,56
4,U3-04,A,"A Seat — Upper / Side",U3,4,"A Seat Upper / Side Jamsil",1700000,#60A5FA,72,56
4,U3-05,A,"A Seat — Upper / Side",U3,5,"A Seat Upper / Side Jamsil",1700000,#60A5FA,90,56
4,U3-06,A,"A Seat — Upper / Side",U3,6,"A Seat Upper / Side Jamsil",1700000,#60A5FA,108,56
4,U3-07,A,"A Seat — Upper / Side",U3,7,"A Seat Upper / Side Jamsil",1700000,#60A5FA,126,56
4,U3-08,A,"A Seat — Upper / Side",U3,8,"A Seat Upper / Side Jamsil",1700000,#60A5FA,144,56
4,U3-09,A,"A Seat — Upper / Side",U3,9,"A Seat Upper / Side Jamsil",1700000,#60A5FA,162,56
4,U3-10,A,"A Seat — Upper / Side",U3,10,"A Seat Upper / Side Jamsil",1700000,#60A5FA,180,56
4,U3-11,A,"A Seat — Upper / Side",U3,11,"A Seat Upper / Side Jamsil",1700000,#60A5FA,198,56
4,U3-12,A,"A Seat — Upper / Side",U3,12,"A Seat Upper / Side Jamsil",1700000,#60A5FA,216,56
4,U3-13,A,"A Seat — Upper / Side",U3,13,"A Seat Upper / Side Jamsil",1700000,#60A5FA,234,56
4,U3-14,A,"A Seat — Upper / Side",U3,14,"A Seat Upper / Side Jamsil",1700000,#60A5FA,252,56
4,U3-15,A,"A Seat — Upper / Side",U3,15,"A Seat Upper / Side Jamsil",1700000,#60A5FA,270,56
4,U3-16,A,"A Seat — Upper / Side",U3,16,"A Seat Upper / Side Jamsil",1700000,#60A5FA,288,56
4,U3-17,A,"A Seat — Upper / Side",U3,17,"A Seat Upper / Side Jamsil",1700000,#60A5FA,306,56
4,U3-18,A,"A Seat — Upper / Side",U3,18,"A Seat Upper / Side Jamsil",1700000,#60A5FA,324,56
4,U3-19,A,"A Seat — Upper / Side",U3,19,"A Seat Upper / Side Jamsil",1700000,#60A5FA,342,56
4,U3-20,A,"A Seat — Upper / Side",U3,20,"A Seat Upper / Side Jamsil",1700000,#60A5FA,360,56
4,U4-01,A,"A Seat — Upper / Side",U4,1,"A Seat Upper / Side Jamsil",1700000,#60A5FA,18,84
4,U4-02,A,"A Seat — Upper / Side",U4,2,"A Seat Upper / Side Jamsil",1700000,#60A5FA,36,84
4,U4-03,A,"A Seat — Upper / Side",U4,3,"A Seat Upper / Side Jamsil",1700000,#60A5FA,54,84
4,U4-04,A,"A Seat — Upper / Side",U4,4,"A Seat Upper / Side Jamsil",1700000,#60A5FA,72,84
4,U4-05,A,"A Seat — Upper / Side",U4,5,"A Seat Upper / Side Jamsil",1700000,#60A5FA,90,84
4,U4-06,A,"A Seat — Upper / Side",U4,6,"A Seat Upper / Side Jamsil",1700000,#60A5FA,108,84
4,U4-07,A,"A Seat — Upper / Side",U4,7,"A Seat Upper / Side Jamsil",1700000,#60A5FA,126,84
4,U4-08,A,"A Seat — Upper / Side",U4,8,"A Seat Upper / Side Jamsil",1700000,#60A5FA,144,84
4,U4-09,A,"A Seat — Upper / Side",U4,9,"A Seat Upper / Side Jamsil",1700000,#60A5FA,162,84
4,U4-10,A,"A Seat — Upper / Side",U4,10,"A Seat Upper / Side Jamsil",1700000,#60A5FA,180,84
4,U4-11,A,"A Seat — Upper / Side",U4,11,"A Seat Upper / Side Jamsil",1700000,#60A5FA,198,84
4,U4-12,A,"A Seat — Upper / Side",U4,12,"A Seat Upper / Side Jamsil",1700000,#60A5FA,216,84
4,U4-13,A,"A Seat — Upper / Side",U4,13,"A Seat Upper / Side Jamsil",1700000,#60A5FA,234,84
4,U4-14,A,"A Seat — Upper / Side",U4,14,"A Seat Upper / Side Jamsil",1700000,#60A5FA,252,84
4,U4-15,A,"A Seat — Upper / Side",U4,15,"A Seat Upper / Side Jamsil",1700000,#60A5FA,270,84
4,U4-16,A,"A Seat — Upper / Side",U4,16,"A Seat Upper / Side Jamsil",1700000,#60A5FA,288,84
4,U4-17,A,"A Seat — Upper / Side",U4,17,"A Seat Upper / Side Jamsil",1700000,#60A5FA,306,84
4,U4-18,A,"A Seat — Upper / Side",U4,18,"A Seat Upper / Side Jamsil",1700000,#60A5FA,324,84
4,U4-19,A,"A Seat — Upper / Side",U4,19,"A Seat Upper / Side Jamsil",1700000,#60A5FA,342,84
4,U4-20,A,"A Seat — Upper / Side",U4,20,"A Seat Upper / Side Jamsil",1700000,#60A5FA,360,84
4,U5-01,A,"A Seat — Upper / Side",U5,1,"A Seat Upper / Side Jamsil",1700000,#60A5FA,18,112
4,U5-02,A,"A Seat — Upper / Side",U5,2,"A Seat Upper / Side Jamsil",1700000,#60A5FA,36,112
4,U5-03,A,"A Seat — Upper / Side",U5,3,"A Seat Upper / Side Jamsil",1700000,#60A5FA,54,112
4,U5-04,A,"A Seat — Upper / Side",U5,4,"A Seat Upper / Side Jamsil",1700000,#60A5FA,72,112
4,U5-05,A,"A Seat — Upper / Side",U5,5,"A Seat Upper / Side Jamsil",1700000,#60A5FA,90,112
4,U5-06,A,"A Seat — Upper / Side",U5,6,"A Seat Upper / Side Jamsil",1700000,#60A5FA,108,112
4,U5-07,A,"A Seat — Upper / Side",U5,7,"A Seat Upper / Side Jamsil",1700000,#60A5FA,126,112
4,U5-08,A,"A Seat — Upper / Side",U5,8,"A Seat Upper / Side Jamsil",1700000,#60A5FA,144,112
4,U5-09,A,"A Seat — Upper / Side",U5,9,"A Seat Upper / Side Jamsil",1700000,#60A5FA,162,112
4,U5-10,A,"A Seat — Upper / Side",U5,10,"A Seat Upper / Side Jamsil",1700000,#60A5FA,180,112
4,U5-11,A,"A Seat — Upper / Side",U5,11,"A Seat Upper / Side Jamsil",1700000,#60A5FA,198,112
4,U5-12,A,"A Seat — Upper / Side",U5,12,"A Seat Upper / Side Jamsil",1700000,#60A5FA,216,112
4,U5-13,A,"A Seat — Upper / Side",U5,13,"A Seat Upper / Side Jamsil",1700000,#60A5FA,234,112
4,U5-14,A,"A Seat — Upper / Side",U5,14,"A Seat Upper / Side Jamsil",1700000,#60A5FA,252,112
4,U5-15,A,"A Seat — Upper / Side",U5,15,"A Seat Upper / Side Jamsil",1700000,#60A5FA,270,112
4,U5-16,A,"A Seat — Upper / Side",U5,16,"A Seat Upper / Side Jamsil",1700000,#60A5FA,288,112
4,U5-17,A,"A Seat — Upper / Side",U5,17,"A Seat Upper / Side Jamsil",1700000,#60A5FA,306,112
4,U5-18,A,"A Seat — Upper / Side",U5,18,"A Seat Upper / Side Jamsil",1700000,#60A5FA,324,112
4,U5-19,A,"A Seat — Upper / Side",U5,19,"A Seat Upper / Side Jamsil",1700000,#60A5FA,342,112
4,U5-20,A,"A Seat — Upper / Side",U5,20,"A Seat Upper / Side Jamsil",1700000,#60A5FA,360,112
4,U6-01,A,"A Seat — Upper / Side",U6,1,"A Seat Upper / Side Jamsil",1700000,#60A5FA,18,140
4,U6-02,A,"A Seat — Upper / Side",U6,2,"A Seat Upper / Side Jamsil",1700000,#60A5FA,36,140
4,U6-03,A,"A Seat — Upper / Side",U6,3,"A Seat Upper / Side Jamsil",1700000,#60A5FA,54,140
4,U6-04,A,"A Seat — Upper / Side",U6,4,"A Seat Upper / Side Jamsil",1700000,#60A5FA,72,140
4,U6-05,A,"A Seat — Upper / Side",U6,5,"A Seat Upper / Side Jamsil",1700000,#60A5FA,90,140
4,U6-06,A,"A Seat — Upper / Side",U6,6,"A Seat Upper / Side Jamsil",1700000,#60A5FA,108,140
4,U6-07,A,"A Seat — Upper / Side",U6,7,"A Seat Upper / Side Jamsil",1700000,#60A5FA,126,140
4,U6-08,A,"A Seat — Upper / Side",U6,8,"A Seat Upper / Side Jamsil",1700000,#60A5FA,144,140
4,U6-09,A,"A Seat — Upper / Side",U6,9,"A Seat Upper / Side Jamsil",1700000,#60A5FA,162,140
4,U6-10,A,"A Seat — Upper / Side",U6,10,"A Seat Upper / Side Jamsil",1700000,#60A5FA,180,140
4,U6-11,A,"A Seat — Upper / Side",U6,11,"A Seat Upper / Side Jamsil",1700000,#60A5FA,198,140
4,U6-12,A,"A Seat — Upper / Side",U6,12,"A Seat Upper / Side Jamsil",1700000,#60A5FA,216,140
4,U6-13,A,"A Seat — Upper / Side",U6,13,"A Seat Upper / Side Jamsil",1700000,#60A5FA,234,140
4,U6-14,A,"A Seat — Upper / Side",U6,14,"A Seat Upper / Side Jamsil",1700000,#60A5FA,252,140
4,U6-15,A,"A Seat — Upper / Side",U6,15,"A Seat Upper / Side Jamsil",1700000,#60A5FA,270,140
4,U6-16,A,"A Seat — Upper / Side",U6,16,"A Seat Upper / Side Jamsil",1700000,#60A5FA,288,140
4,U6-17,A,"A Seat — Upper / Side",U6,17,"A Seat Upper / Side Jamsil",1700000,#60A5FA,306,140
4,U6-18,A,"A Seat — Upper / Side",U6,18,"A Seat Upper / Side Jamsil",1700000,#60A5FA,324,140
4,U6-19,A,"A Seat — Upper / Side",U6,19,"A Seat Upper / Side Jamsil",1700000,#60A5FA,342,140
4,U6-20,A,"A Seat — Upper / Side",U6,20,"A Seat Upper / Side Jamsil",1700000,#60A5FA,360,140
